ranks,BR_INS,LD_INS,SR_INS,TOT_INS,L1_LDM,L1_STM,L2_LDM,L2_STM,FP_SINGLE,FP_DOUBLE,ARITH,IO Bytes Read,IO Bytes Written,MEM_WCY,rp,emb1_1,emb1_2,emb1_3,emb1_4,emb1_5,emb1_6,emb1_7,emb1_8,emb1_9,emb1_10,emb2_1,emb2_2,emb2_3,emb2_4,emb2_5,ranks,BR_INS,LD_INS,SR_INS,TOT_INS,L1_LDM,L1_STM,L2_LDM,L2_STM,FP_SINGLE,FP_DOUBLE,ARITH,IO Bytes Read,IO Bytes Written,MEM_WCY,rp
1,1178000000,1196000000,646000000,6298000000.0,64000000.0,82000000.0,34000000.0,40000000.0,3028.0,99499593.0,3349460.0,37797.0,2173193.0,268000000,1.0,0.043692306,0.033345293,0.12687166,-0.32071295,-0.056289878,-0.30187026,-0.23153456,-0.16152894,-0.15519217,0.16283798,0.027082026,0.08358014,0.2017378,0.07140856,0.117126256,0.0,-0.5397127019664241,-0.5849693839328396,-0.5559732600790972,-0.5358036117445187,-0.49865794347947334,-0.507834771344368,-0.437904169270929,-0.4836427990321845,0.39526325758468006,-0.48490900314828467,-0.4552687201230441,-0.8664567918082124,0.8198899759965929,-0.49349593770160677,-0.5325562306435935
1,2064000000,2236000000,1224000000,11432000000.0,104000000.0,142000000.0,64000000.0,78000000.0,2585.0,202560745.0,7721012.0,37804.0,2173201.0,714000000,1.5,0.043692306,0.033345293,0.12687166,-0.32071295,-0.056289878,-0.30187026,-0.23153456,-0.16152894,-0.15519217,0.16283798,0.027082026,0.08358014,0.2017378,0.07140856,0.117126256,0.0,-0.43653111809680967,-0.4447567163190201,-0.41946594349216865,-0.4172727572012053,-0.4490897371013084,-0.43033371627921846,-0.39180691990775596,-0.40709234695973906,0.06788422472616792,-0.2741464073376831,-0.4354071845244397,-0.8660160420895693,0.8201261650655051,-0.4082053850763162,-0.45385802843712514
1,358000000,810500000,372437500,2650562500.0,5187500.0,4000000.0,1187500.0,0.0,1118.46875,76874693.81,46372219.47,69909.84375,2106280.188,33500000,1.750750751,0.043692306,0.033345293,0.12687166,-0.32071295,-0.056289878,-0.30187026,-0.23153456,-0.16152894,-0.15519217,0.16283798,0.027082026,0.08358014,0.2017378,0.07140856,0.117126256,0.0,-0.6352080730421393,-0.6369424448608467,-0.6205810157777333,-0.6200135618357393,-0.571538696919869,-0.6085861429290624,-0.48832303576189956,-0.5642222222663376,-1.0158890987090123,-0.5311774795887341,-0.2598008247935139,1.1555041864268139,-1.1556193695757855,-0.5383404098779087,-0.4143907618258816
1,2466000000,2954000000,1630000000,14710000000.0,246000000.0,242000000.0,110000000.0,116000000.0,3060.0,152771732.0,2831102.0,37804.0,2173200.0,2554000000,2.400960384,0.043692306,0.033345293,0.12687166,-0.32071295,-0.056289878,-0.30187026,-0.23153456,-0.16152894,-0.15519217,0.16283798,0.027082026,0.08358014,0.2017378,0.07140856,0.117126256,0.0,-0.3897150947157883,-0.3479560477164023,-0.3235801813221116,-0.3415921687335424,-0.27312260445882275,-0.3011652911706359,-0.3211244708842239,-0.33054189488729363,0.41891140442773284,-0.375966165986682,-0.45762380725681745,-0.8660160420895693,0.8200966414318911,-0.05633404689126093,-0.3120501034770265
1,349937500,567125000,256812500,1943062500.0,7750000.0,6000000.0,3750000.0,2000000.0,1112.71875,23302186.06,54848194.16,69909.84375,2106280.188,67250000,3.601440576,0.043692306,0.033345293,0.12687166,-0.32071295,-0.056289878,-0.30187026,-0.23153456,-0.16152894,-0.15519217,0.16283798,0.027082026,0.08358014,0.2017378,0.07140856,0.117126256,0.0,-0.6361470138095758,-0.6697542313805711,-0.6478883833908191,-0.6363479170342968,-0.5683632336987678,-0.6060027744268908,-0.4843855623787952,-0.5601932511046299,-1.0201383750948734,-0.6407345782467577,-0.22129141828564106,1.1555041864268139,-1.1556193695757855,-0.5318862481041339,-0.12309883768727473
1,3100000000,2878000000,1562000000,16042000000.0,304000000.0,226000000.0,148000000.0,124000000.0,2036.0,216107024.0,3715511.0,37804.0,2173819.0,802000000,10.333,0.043692306,0.033345293,0.12687166,-0.32071295,-0.056289878,-0.30187026,-0.23153456,-0.16152894,-0.15519217,0.16283798,0.027082026,0.08358014,0.2017378,0.07140856,0.117126256,0.0,-0.3158808687865157,-0.3582023580420276,-0.3396398656264561,-0.31083971484735357,-0.20124870521048357,-0.3218322391880091,-0.26273462169087136,-0.314426010240463,-0.3378292945499566,-0.2464439329308897,-0.4536056185592505,-0.8660160420895693,0.8383717706389748,-0.3913767558587701,0.9364244117423439
1,4636000000,4402000000,2386000000,24250000000.0,320000000.0,398000000.0,170000000.0,194000000.0,1731.0,317196248.0,5572217.0,37804.0,2173201.0,2760000000,0.181669394,0.043692306,0.033345293,0.12687166,-0.32071295,-0.056289878,-0.30187026,-0.23153456,-0.16152894,-0.15519217,0.16283798,0.027082026,0.08358014,0.2017378,0.07140856,0.117126256,0.0,-0.1370017346739563,-0.15273687203869973,-0.14503427935028115,-0.12133810711624403,-0.18142142265921757,-0.09966254800124705,-0.2289299721578778,-0.1734120195806951,-0.5632256941478035,-0.03971397847899915,-0.4451699343182436,-0.8660160420895693,0.8201261650655051,-0.016939755768368876,-0.661358525649053
1,752750000,1186437500,535687500,4073062500.0,11500000.0,11812500.0,4000000.0,3375000.0,1084.90625,67392550.97,116467298.6,69877.84375,2106279.188,162000000,0.249812453,0.043692306,0.033345293,0.12687166,-0.32071295,-0.056289878,-0.30187026,-0.23153456,-0.16152894,-0.15519217,0.16283798,0.027082026,0.08358014,0.2017378,0.07140856,0.117126256,0.0,-0.5892363684907508,-0.5862585989655869,-0.5820259648559061,-0.5871716957298057,-0.5637162143508149,-0.5984948597174544,-0.48400141863410207,-0.557423333430956,-1.0406919402221362,-0.5505686953865675,0.0586663716226525,1.1534893305701595,-1.1556488932093996,-0.5137667865318328,-0.6506330531767544
1,6590000000,6574000000,3392000000,35102000000.0,488000000.0,484000000.0,268000000.0,282000000.0,2075.0,470206041.0,9402284.0,37804.0,2173199.0,2346000000,0.583,0.043692306,0.033345293,0.12687166,-0.32071295,-0.056289878,-0.30187026,-0.23153456,-0.16152894,-0.15519217,0.16283798,0.027082026,0.08358014,0.2017378,0.07140856,0.117126256,0.0,0.09055674713329699,0.14009189147785417,0.09255457962281594,0.1292066598303935,0.026765044129075276,0.011422297592133975,-0.07834562423817913,0.0038627115344416797,-0.30900811558498603,0.2731948191746776,-0.4277685601459726,-0.8660160420895693,0.820067117798277,-0.09611080686000631,-0.598190531283788
1,8916000000,8066000000,4378000000,45796000000.0,512000000.0,674000000.0,342000000.0,388000000.0,3441.0,554798441.0,6150266.0,37804.0,2173201.0,3414000000,4.313578395,0.043692306,0.033345293,0.12687166,-0.32071295,-0.056289878,-0.30187026,-0.23153456,-0.16152894,-0.15519217,0.16283798,0.027082026,0.08358014,0.2017378,0.07140856,0.117126256,0.0,0.36143751923343576,0.34124314155460295,0.3254200020358117,0.3761036131779185,0.056505967955974255,0.2568423052984409,0.035360924190981094,0.21739818310494735,0.7004721527778303,0.446188361977777,-0.4425436494676373,-0.8660160420895693,0.8201261650655051,0.10812755682566708,-0.011010905530204002
1,1404437500,1879375000,847562500,6691437500.0,24062500.0,22000000.0,9000000.0,6000000.0,1094.6875,75927187.59,208750965.8,69909.84375,2106280.188,323062500,0.249812453,0.043692306,0.033345293,0.12687166,-0.32071295,-0.056289878,-0.30187026,-0.23153456,-0.16152894,-0.15519217,0.16283798,0.027082026,0.08358014,0.2017378,0.07140856,0.117126256,0.0,-0.5133422957615981,-0.49283685342265315,-0.5083698759968259,-0.5267201518527413,-0.5481486995351724,-0.5853358264095175,-0.4763185437402399,-0.5521353087812146,-1.0334635515874921,-0.533115153160187,0.47794431713549523,1.1555041864268139,-1.1556193695757855,-0.48296609228920756,-0.6506330531767544
1,12026000000,12740000000,6718000000,66508000000.0,770000000.0,886000000.0,450000000.0,510000000.0,2794.0,667214692.0,2140012.0,37804.0,2173832.0,3726000000,0.099909991,0.043692306,0.033345293,0.12687166,-0.32071295,-0.056289878,-0.30187026,-0.23153456,-0.16152894,-0.15519217,0.16283798,0.027082026,0.08358014,0.2017378,0.07140856,0.117126256,0.0,0.7236211827035267,0.9713912265805573,0.8780620795676678,0.8542904186514494,0.3762208990951383,0.5306793665286359,0.2013110218984041,0.46316542396911425,0.2223361837948565,0.6760823658023815,-0.46076367809372837,-0.8660160420895693,0.8387555778759572,0.16779269677878514,-0.6742271617082012
1,15412000000,13574000000,7810000000,78274000000.0,1042000000.0,1350000000.0,578000000.0,674000000.0,3143.0,988375427.0,12387149.0,37804.0,2173212.0,7256000000,0.319971195,0.043692306,0.033345293,0.12687166,-0.32071295,-0.056289878,-0.30187026,-0.23153456,-0.16152894,-0.15519217,0.16283798,0.027082026,0.08358014,0.2017378,0.07140856,0.117126256,0.0,1.1179471905844682,1.0838310004170242,1.1359617157492006,1.1259370946461174,0.7132847024666601,1.130020859032459,0.3979926191812759,0.793541059229142,0.48024878530190107,1.3328639839725407,-0.41420724314584806,-0.8660160420895693,0.8204509250352594,0.8428502097098967,-0.6395903194478194
1,2774000000,3772125000,1704000000,13240000000.0,32437500.0,36000000.0,13812500.0,14000000.0,1114.0,149944864.9,359892085.1,69909.84375,2106280.531,481687500,5.902160864,0.043692306,0.033345293,0.12687166,-0.32071295,-0.056289878,-0.30187026,-0.23153456,-0.16152894,-0.15519217,0.16283798,0.027082026,0.08358014,0.2017378,0.07140856,0.117126256,0.0,-0.3538461016775928,-0.23765653935913683,-0.30610346604973665,-0.37553068766199404,-0.5377703563247441,-0.567252246894316,-0.46892377665489754,-0.536019424134384,-1.0191915254654154,-0.3817471788751036,1.1646328710838092,1.1555041864268139,-1.1556092429694595,-0.452631531952466,0.23902626320382123
1,18550000000,15452000000,9102000000,91458000000.0,1952000000.0,1634000000.0,1606000000.0,1130000000.0,2595.0,1046559997.0,4282318.0,37804.0,2173212.0,11742000000,0.048734085,0.043692306,0.033345293,0.12687166,-0.32071295,-0.056289878,-0.30187026,-0.23153456,-0.16152894,-0.15519217,0.16283798,0.027082026,0.08358014,0.2017378,0.07140856,0.117126256,0.0,1.483391671603486,1.3370227213581332,1.4410957175317467,1.430321743321428,1.840961397569913,1.4968591863408336,1.9775916973593395,1.712146484098487,0.07527427061462193,1.4518528635973642,-0.45103041016460305,-0.8660160420895693,0.8204509250352594,1.7007278309588958,-0.6822820653051755
1,3287250000,3942500000,1750937500,14094000000.0,51500000.0,52000000.0,23625000.0,24125000.0,1081.03125,66733339.97,499107790.7,69909.84375,2106280.531,812062500,0.285591767,0.043692306,0.033345293,0.12687166,-0.32071295,-0.056289878,-0.30187026,-0.23153456,-0.16152894,-0.15519217,0.16283798,0.027082026,0.08358014,0.2017378,0.07140856,0.117126256,0.0,-0.2940741514280673,-0.21468660354692098,-0.2950181508727488,-0.35581402428451264,-0.5141480079726499,-0.5465852988769427,-0.453846134675693,-0.515622757628239,-1.043555583003912,-0.5519167981280049,1.79713997443274,1.1555041864268139,-1.1556092429694595,-0.38945245947807056,-0.645001517800793
1,52000000,92000000,46000000,384000000.0,4000000.0,4000000.0,2000000.0,0.0,2197.0,22257308.0,669218.0,37804.0,2173178.0,24000000,4.012048193,0.043692306,0.033345293,0.12687166,-0.32071295,-0.056289878,-0.30187026,-0.23153456,-0.16152894,-0.15519217,0.16283798,0.027082026,0.08358014,0.2017378,0.07140856,0.117126256,0.0,-0.6708441505411258,-0.7338105233998172,-0.6976763568821372,-0.6723426600049697,-0.5730102530467208,-0.6085861429290624,-0.48707456859164694,-0.5642222222663376,-0.21884955574584722,-0.6428713796307666,-0.46744602509296657,-0.8660160420895693,0.8194471214923824,-0.540157136895712,-0.058470675146910525
1,54312500,105687500,41187500,306687500.0,,,,,1110.5625,4342227.188,11126254.91,69877.84375,2106278.5,1562500,2.252252252,0.043692306,0.033345293,0.12687166,-0.32071295,-0.056289878,-0.30187026,-0.23153456,-0.16152894,-0.15519217,0.16283798,0.027082026,0.08358014,0.2017378,0.07140856,0.117126256,0.0,-0.6705748419489153,-0.7319651763921594,-0.6988129338044116,-0.6741276067700418,,,,,-1.0217318537395714,-0.6795081614134292,-0.4199359392369857,1.1534893305701595,-1.1556692054693283,-0.5444479592601289,-0.33545622876079084
1,338000000,560000000,308000000,2486000000.0,42000000.0,36000000.0,12000000.0,10000000.0,2871.0,112093988.0,1709704.0,37804.0,2173189.0,166000000,7.006006006,0.043692306,0.033345293,0.12687166,-0.32071295,-0.056289878,-0.30187026,-0.23153456,-0.16152894,-0.15519217,0.16283798,0.027082026,0.08358014,0.2017378,0.07140856,0.117126256,0.0,-0.63753722843423,-0.6707148229735985,-0.6357993379448097,-0.6238128866800682,-0.525920456987464,-0.567252246894316,-0.4717088188039226,-0.5440773664577994,0.2792395371359523,-0.45915315498093584,-0.4627187223572678,-0.8660160420895693,0.8197718814621368,-0.5130018488401261,0.41276751958330865
1,93562500,208250000,89937500,639250000.0,62500.0,0.0,0.0,0.0,1111.625,13121830.88,18075436.22,69909.84375,2106279.844,9750000,5.402160864,0.043692306,0.033345293,0.12687166,-0.32071295,-0.056289878,-0.30187026,-0.23153456,-0.16152894,-0.15519217,0.16283798,0.027082026,0.08358014,0.2017378,0.07140856,0.117126256,0.0,-0.6660038744919374,-0.7181377131977917,-0.6872995571891646,-0.6664495940481756,-0.5778896233620714,-0.6137528799334057,-0.4901477185491918,-0.5642222222663376,-1.020946661363923,-0.6615536554875274,-0.3883633050856085,1.1555041864268139,-1.1556295257057498,-0.5428822274224169,0.16032806099735292
1,2930000000,3354000000,1852000000,17024000000.0,288000000.0,284000000.0,120000000.0,126000000.0,3132.0,177961457.0,2891119.0,37804.0,2173773.0,2706000000,2.166,0.043692306,0.033345293,0.12687166,-0.32071295,-0.056289878,-0.30187026,-0.23153456,-0.16152894,-0.15519217,0.16283798,0.027082026,0.08358014,0.2017378,0.07140856,0.117126256,0.0,-0.33567868961928593,-0.29402809863416407,-0.2711500355049868,-0.2881678607060342,-0.22107598776174955,-0.24691455262503118,-0.3057587210964996,-0.3103970390787554,0.4721197348246016,-0.3244525575539409,-0.45735112840454223,-0.8660160420895693,0.8370136834927295,-0.02726641460640854,-0.3490320230981094
1,410750000,638062500,287000000,2196875000.0,7500000.0,8000000.0,4000000.0,2000000.0,1119.5625,24048074.84,65251467.56,69909.84375,2106298.063,74937500,25.52552553,0.043692306,0.033345293,0.12687166,-0.32071295,-0.056289878,-0.30187026,-0.23153456,-0.16152894,-0.15519217,0.16283798,0.027082026,0.08358014,0.2017378,0.07140856,0.117126256,0.0,-0.6290649256955003,-0.660190446660518,-0.6407589463329162,-0.6304880392550264,-0.5686730349886313,-0.6034194059247191,-0.48400141863410207,-0.5601932511046299,-1.0150808124399628,-0.6392092173090225,-0.1740255994240299,1.1555041864268139,-1.1550916346249347,-0.5304161334778852,3.3276733041160877
1,22246000000,18504000000,10902000000,109698000000.0,2144000000.0,1962000000.0,1842000000.0,1306000000.0,2446.0,1249692130.0,4315438.0,37804.0,2173786.0,13906000000,0.02032819,0.043692306,0.033345293,0.12687166,-0.32071295,-0.056289878,-0.30187026,-0.23153456,-0.16152894,-0.15519217,0.16283798,0.027082026,0.08358014,0.2017378,0.07140856,0.117126256,0.0,1.913819588061832,1.7484929728556111,1.8662050079408667,1.8514364271683381,2.078888788185105,1.9205316206969845,2.340223392349634,2.066695946328761,-0.03483741312334265,1.867263081829976,-0.4508799340730397,-0.8660160420895693,0.8373974907297119,2.114559122172189,-0.686753051042307
1,3863812500,4592875000,2035500000,16475562500.0,53437500.0,62000000.0,25812500.0,29437500.0,1067.96875,72088096.06,639656522.9,69909.84375,2106298.469,1028375000,0.222,0.043692306,0.033345293,0.12687166,-0.32071295,-0.056289878,-0.30187026,-0.23153456,-0.16152894,-0.15519217,0.16283798,0.027082026,0.08358014,0.2017378,0.07140856,0.117126256,0.0,-0.22692896864045498,-0.12700312883601916,-0.22781250506605702,-0.30082987191339655,-0.5117470479762075,-0.5336684563660845,-0.45048487690962835,-0.504920802979953,-1.053208830445705,-0.5409661899545098,2.4357034978516565,1.1555041864268139,-1.1550796480296885,-0.3480860633687473,-0.655010633276858
1,60000000,98000000,50000000,422000000.0,6000000.0,4000000.0,2000000.0,0.0,2470.0,21382518.0,642229.0,37804.0,2173747.0,32000000,7.006006006,0.043692306,0.033345293,0.12687166,-0.32071295,-0.056289878,-0.30187026,-0.23153456,-0.16152894,-0.15519217,0.16283798,0.027082026,0.08358014,0.2017378,0.07140856,0.117126256,0.0,-0.6699124883842895,-0.7330016041635837,-0.696731669570117,-0.6714653377469553,-0.5705318427278125,-0.6085861429290624,-0.48707456859164694,-0.5642222222663376,-0.017101302991053058,-0.6446603467402081,-0.4675686458428217,-0.8660160420895693,0.8362460690187647,-0.5386272615122987,0.41276751958330865
1,61750000,117250000,44937500,338125000.0,,,,,1084.875,4280209.469,13688599.47,69876.875,2106296.219,2000000,19.60744298,0.043692306,0.033345293,0.12687166,-0.32071295,-0.056289878,-0.30187026,-0.23153456,-0.16152894,-0.15519217,0.16283798,0.027082026,0.08358014,0.2017378,0.07140856,0.117126256,0.0,-0.6697086872874816,-0.730406321614001,-0.6979272894493926,-0.6734017957572437,,,,,-1.0407150341155376,-0.6796349891772281,-0.40829428480983254,1.1534283339573115,-1.15514607620532,-0.5443642942000985,2.3961883897271443
1,396000000,610000000,338000000,2782000000.0,50000000.0,40000000.0,16000000.0,12000000.0,3462.0,113211236.0,1649389.0,37804.0,2173760.0,140000000,1.0,0.043692306,0.033345293,0.12687166,-0.32071295,-0.056289878,-0.30187026,-0.23153456,-0.16152894,-0.15519217,0.16283798,0.027082026,0.08358014,0.2017378,0.07140856,0.117126256,0.0,-0.6307826777971671,-0.6639738293383187,-0.6287141831046578,-0.6169790080386929,-0.516006815711831,-0.5620855098899726,-0.4655625188888329,-0.5400483952960916,0.7159912491435836,-0.4568683552860498,-0.46299275513089827,-0.8660160420895693,0.8366298762557471,-0.5179739438362193,-0.5325562306435935
1,105437500,225250000,96375000,690625000.0,1375000.0,0.0,0.0,0.0,1094.28125,13210699.81,19645789.38,69909.84375,2106297.656,11750000,0.5,0.043692306,0.033345293,0.12687166,-0.32071295,-0.056289878,-0.30187026,-0.23153456,-0.16152894,-0.15519217,0.16283798,0.027082026,0.08358014,0.2017378,0.07140856,0.117126256,0.0,-0.6646209384778836,-0.7158457753617966,-0.685779201046382,-0.665263477442768,-0.5762631665902879,-0.6137528799334057,-0.4901477185491918,-0.5642222222663376,-1.0337637722017106,-0.6613719163354781,-0.38122862495605253,1.1555041864268139,-1.1551036507438193,-0.5424997585765635,-0.6112544328500618
1,3394000000,3746000000,2070000000,19306000000.0,412000000.0,324000000.0,176000000.0,158000000.0,3755.0,205100345.0,2899514.0,37804.0,2174345.0,3058000000,0.714408233,0.043692306,0.033345293,0.12687166,-0.32071295,-0.056289878,-0.30187026,-0.23153456,-0.16152894,-0.15519217,0.16283798,0.027082026,0.08358014,0.2017378,0.07140856,0.117126256,0.0,-0.2816422845227836,-0.24117870853357054,-0.21966457699988223,-0.23548235036948545,-0.06741454798943816,-0.19524718258159815,-0.21971052228524318,-0.2459335004914329,0.9325195936752858,-0.2689528627485385,-0.4573129868952224,-0.8660160420895693,0.8539012019199539,0.04004810226377595,-0.5775073478993307
1,473500000,711875000,318062500,2460687500.0,9562500.0,9187500.0,4000000.0,4000000.0,1115.46875,24853935.0,76569932.63,69909.84375,2106315.938,83562500,1.800720288,0.043692306,0.033345293,0.12687166,-0.32071295,-0.056289878,-0.30187026,-0.23153456,-0.16152894,-0.15519217,0.16283798,0.027082026,0.08358014,0.2017378,0.07140856,0.117126256,0.0,-0.621757200652816,-0.6502390548064362,-0.6334228589255088,-0.624397287197331,-0.5661171743472573,-0.6018855308765547,-0.48400141863410207,-0.5561642799429223,-1.0181061124755486,-0.6375612134211759,-0.12260173510550755,1.1555041864268139,-1.154563899674084,-0.5287667365801427,-0.40652573637190237
1,25870000000,22056000000,12610000000,129588000000.0,2708000000.0,2288000000.0,2244000000.0,1576000000.0,4000.0,1450949192.0,4359847.0,37804.0,2174360.0,20566000000,0.19997818,0.043692306,0.033345293,0.12687166,-0.32071295,-0.056289878,-0.30187026,-0.23153456,-0.16152894,-0.15519217,0.16283798,0.027082026,0.08358014,0.2017378,0.07140856,0.117126256,0.0,2.335862545108652,2.2273731607058873,2.2695864901735203,2.310645366955347,2.7778004981172306,2.3416206865509634,2.957926533816153,2.610607053159294,1.1135757179424088,2.2788387336559444,-0.45067816798758575,-0.8660160420895693,0.8543440564241643,3.3881803788637477,-0.6584767885634871
1,4367875000,5131937500,2287125000,18538625000.0,62625000.0,72000000.0,30500000.0,34562500.0,1109.15625,79246514.81,740330605.9,69909.84375,2106316.406,1199687500,1.800720288,0.043692306,0.033345293,0.12687166,-0.32071295,-0.056289878,-0.30187026,-0.23153456,-0.16152894,-0.15519217,0.16283798,0.027082026,0.08358014,0.2017378,0.07140856,0.117126256,0.0,-0.16822697414917115,-0.05432679120565897,-0.16838576884428214,-0.2531990653101117,-0.5003618505737227,-0.5207516138552263,-0.4432821816966325,-0.4945965643780772,-1.0227710789426352,-0.5263270471895495,2.8931021250122972,1.1555041864268139,-1.1545500826135562,-0.3153252162911238,-0.40652573637190237
1,68000000,106000000,54000000,460000000.0,6000000.0,6000000.0,2000000.0,0.0,3012.0,18285747.0,637961.0,37804.0,2174314.0,34000000,35.13855422,0.043692306,0.033345293,0.12687166,-0.32071295,-0.056289878,-0.30187026,-0.23153456,-0.16152894,-0.15519217,0.16283798,0.027082026,0.08358014,0.2017378,0.07140856,0.117126256,0.0,-0.6689808262274533,-0.731923045181939,-0.6957869822580967,-0.670588015488941,-0.5705318427278125,-0.6060027744268908,-0.48707456859164694,-0.5642222222663376,0.38343918416315365,-0.6509933197559862,-0.46758803690437944,-0.8660160420895693,0.852985969277919,-0.5382447926664453,4.84072945544049
1,68000000,127062500,48312500,364062500.0,,,,,1133.59375,4327184.719,15255309.16,69877.84375,2106314.0,2000000,22.02102102,0.043692306,0.033345293,0.12687166,-0.32071295,-0.056289878,-0.30187026,-0.23153456,-0.16152894,-0.15519217,0.16283798,0.027082026,0.08358014,0.2017378,0.07140856,0.117126256,0.0,-0.6689808262274533,-0.7290834016130774,-0.6971302095298755,-0.6728029655975792,,,,,-1.0047116543027257,-0.6795389236332601,-0.40117615827705577,1.1534893305701595,-1.1546211164760303,-0.5443642942000985,2.7760768949931673
1,456000000,662000000,366000000,3086000000.0,56000000.0,46000000.0,18000000.0,14000000.0,3490.0,115248289.0,1679490.0,37804.0,2174330.0,150000000,1.0,0.043692306,0.033345293,0.12687166,-0.32071295,-0.056289878,-0.30187026,-0.23153456,-0.16152894,-0.15519217,0.16283798,0.027082026,0.08358014,0.2017378,0.07140856,0.117126256,0.0,-0.6237952116208954,-0.6569631959576278,-0.6221013719205158,-0.6099604299745777,-0.5085715847551063,-0.5543354043834577,-0.462489368931288,-0.536019424134384,0.7366833776312548,-0.45270253169731506,-0.4628559954439373,-0.8660160420895693,0.8534583474157434,-0.5160615996069527,-0.5325562306435935
1,116875000,241000000,102250000,739000000.0,1625000.0,0.0,0.0,0.0,1079.8125,13278182.88,21412404.22,69877.84375,2106314.469,13187500,0.600240096,0.043692306,0.033345293,0.12687166,-0.32071295,-0.056289878,-0.30187026,-0.23153456,-0.16152894,-0.15519217,0.16283798,0.027082026,0.08358014,0.2017378,0.07140856,0.117126256,0.0,-0.6632889527380318,-0.7137223623666835,-0.6843916915568522,-0.6641466231208879,-0.5759533653004243,-0.6137528799334057,-0.4901477185491918,-0.5642222222663376,-1.0444562448465673,-0.6612339117941892,-0.3732022573104926,1.1534893305701595,-1.1546072698918641,-0.5422248590936065,-0.5954770021616542
1,1734000000,1646000000,902000000,8996000000.0,178000000.0,124000000.0,72000000.0,62000000.0,3707.0,131388340.0,3422047.0,37804.0,2174629.0,416000000,5.046254588,0.043692306,0.033345293,0.12687166,-0.32071295,-0.056289878,-0.30187026,-0.23153456,-0.16152894,-0.15519217,0.16283798,0.027082026,0.08358014,0.2017378,0.07140856,0.117126256,0.0,-0.47496218206630486,-0.5243004412153215,-0.4955132721098001,-0.4735137314254966,-0.3573885553017032,-0.4535840327987633,-0.37951432007757646,-0.4393241162534003,0.8970473734107066,-0.41969572962629326,-0.4549389312323947,-0.8660160420895693,0.862285913866338,-0.46519324310846105,0.10430969284695472
1,3022000000,3046000000,1712000000,16234000000.0,138000000.0,214000000.0,92000000.0,118000000.0,3677.0,255035892.0,7721467.0,37804.0,2174631.0,1056000000,4.034580499,0.043692306,0.033345293,0.12687166,-0.32071295,-0.056289878,-0.30187026,-0.23153456,-0.16152894,-0.15519217,0.16283798,0.027082026,0.08358014,0.2017378,0.07140856,0.117126256,0.0,-0.3249645748156691,-0.33555261942748754,-0.3042140914256961,-0.30640692870159664,-0.40695676167986816,-0.33733245020103897,-0.3487828205021278,-0.326512923725586,0.8748772357453446,-0.16683343845816864,-0.4354051172955248,-0.8660160420895693,0.8623449611335661,-0.34280321243539835,-0.054924171199378556
1,468125000,937812500,427000000,3114625000.0,5812500.0,6000000.0,2000000.0,2000000.0,1084.90625,78569319.81,64882019.59,69877.84375,2106323.875,44562500,4.034580499,0.043692306,0.033345293,0.12687166,-0.32071295,-0.056289878,-0.30187026,-0.23153456,-0.16152894,-0.15519217,0.16283798,0.027082026,0.08358014,0.2017378,0.07140856,0.117126256,0.0,-0.6223831611644404,-0.6197781898170156,-0.6076948904122068,-0.6092995523525866,-0.5707641936952103,-0.6060027744268908,-0.48707456859164694,-0.5601932511046299,-1.0406919402221362,-0.5277119276542075,-0.1757041346463004,1.1534893305701595,-1.1543295705940917,-0.5362248790742825,-0.054924171199378556
1,4614000000,4248000000,2270000000,23890000000.0,394000000.0,340000000.0,204000000.0,190000000.0,2995.0,301116090.0,3755675.0,37804.0,2175560.0,1322000000,2.240537037,0.043692306,0.033345293,0.12687166,-0.32071295,-0.056289878,-0.30187026,-0.23153456,-0.16152894,-0.15519217,0.16283798,0.027082026,0.08358014,0.2017378,0.07140856,0.117126256,0.0,-0.139563805605256,-0.17349913243536147,-0.17243021139886888,-0.1296495811395383,-0.08972024085961239,-0.17458023456422495,-0.176686422879615,-0.1814699619041104,0.3708761061527819,-0.07259829788894144,-0.4534231390380685,-0.8660160420895693,0.8897724167609987,-0.29193485593690666,-0.33730016147871533
1,6892000000,6208000000,3484000000,35198000000.0,442000000.0,598000000.0,242000000.0,290000000.0,3031.0,444732292.0,5813397.0,37804.0,2174631.0,3342000000,1.83350003,0.043692306,0.033345293,0.12687166,-0.32071295,-0.056289878,-0.30187026,-0.23153456,-0.16152894,-0.15519217,0.16283798,0.027082026,0.08358014,0.2017378,0.07140856,0.117126256,0.0,0.12572699355386532,0.09074781806760612,0.11428238779928207,0.13142305290327197,-0.030238393205814434,0.1586743022159181,-0.11829657368626245,0.019978596181272297,0.3974802713512163,0.22110037466208649,-0.44407416669254196,-0.8660160420895693,0.8623449611335661,0.09435867837494752,-0.4013663228435187
1,1069625000,1546250000,692312500,5386750000.0,18687500.0,16000000.0,7250000.0,4812500.0,1095.875,71163333.56,167591910.7,69909.84375,2106324.875,243875000,3.360805556,0.043692306,0.033345293,0.12687166,-0.32071295,-0.056289878,-0.30187026,-0.23153456,-0.16152894,-0.15519217,0.16283798,0.027082026,0.08358014,0.2017378,0.07140856,0.117126256,0.0,-0.5523338127473151,-0.5377487235177048,-0.5450355522946125,-0.5568420303659823,-0.5548094272672384,-0.5930859319160325,-0.4790075499530917,-0.5545275104084786,-1.032585983638238,-0.5428573520580374,0.2909439021630623,1.1555041864268139,-1.1543000469604778,-0.49810946815471246,-0.16097392461110982
1,9806000000,9512000000,4926000000,51924000000.0,608000000.0,724000000.0,364000000.0,426000000.0,3661.0,646730985.0,9374469.0,37804.0,2174631.0,3320000000,1.186306232,0.043692306,0.033345293,0.12687166,-0.32071295,-0.056289878,-0.30187026,-0.23153456,-0.16152894,-0.15519217,0.16283798,0.027082026,0.08358014,0.2017378,0.07140856,0.117126256,0.0,0.46508493418146823,0.5361926774868944,0.45484216378258824,0.5175833709966612,0.17546966326357016,0.3214265178527322,0.06916557372397467,0.2939486351773928,0.8630531623238181,0.6341926801607559,-0.4278949337113963,-0.8660160420895693,0.8623449611335661,0.09015152107056099,-0.503232299607071
1,13314000000,11830000000,6436000000,67892000000.0,872000000.0,1010000000.0,558000000.0,578000000.0,3608.0,797921749.0,6163421.0,37804.0,2174631.0,4808000000,0.916750015,0.043692306,0.033345293,0.12687166,-0.32071295,-0.056289878,-0.30187026,-0.23153456,-0.16152894,-0.15519217,0.16283798,0.027082026,0.08358014,0.2017378,0.07140856,0.117126256,0.0,0.8736187899541625,0.8487051424184653,0.8114616240702389,0.8862434187854473,0.5026198253594589,0.6908482136632783,0.36726111960582714,0.6001504434671745,0.823885919115012,0.9433815186789597,-0.4424838815635155,-0.8660160420895693,0.8623449611335661,0.37470834238543177,-0.5456594789500243
1,2061437500,2614875000,1172562500,9394625000.0,25875000.0,32000000.0,11625000.0,10000000.0,1097.53125,83628702.5,300741469.5,69908.875,2106324.844,464500000,2.521234475,0.043692306,0.033345293,0.12687166,-0.32071295,-0.056289878,-0.30187026,-0.23153456,-0.16152894,-0.15519217,0.16283798,0.027082026,0.08358014,0.2017378,0.07140856,0.117126256,0.0,-0.4368295411314213,-0.39367683704768747,-0.4316140318951793,-0.4643105055017864,-0.5459026401836619,-0.5724189838986593,-0.47228503442096226,-0.5440773664577994,-1.031362007287963,-0.5173653653632715,0.8958903152549494,1.155443189813966,-1.1543009621931186,-0.455918373596518,-0.29311939400959214
1,17822000000,19148000000,9970000000,99428000000.0,1086000000.0,1328000000.0,658000000.0,768000000.0,3458.0,985433592.0,2209779.0,37804.0,2175577.0,5576000000,0.672161111,0.043692306,0.033345293,0.12687166,-0.32071295,-0.056289878,-0.30187026,-0.23153456,-0.16152894,-0.15519217,0.16283798,0.027082026,0.08358014,0.2017378,0.07140856,0.117126256,0.0,1.3986104153313876,1.8353169708780148,1.6460928642401447,1.6143285432260264,0.7678097294826415,1.1016038055085708,0.5209186174830707,0.9829027038294017,0.713035230788202,1.3268478588952033,-0.46044670147899114,-0.8660160420895693,0.8902743185324372,0.5215763791931071,-0.5841568929989253
1,22992000000,19800000000,11442000000,115792000000.0,1590000000.0,2024000000.0,876000000.0,1016000000.0,4163.0,1408813458.0,12663485.0,37804.0,2174647.0,10452000000,0.54505442,0.043692306,0.033345293,0.12687166,-0.32071295,-0.056289878,-0.30187026,-0.23153456,-0.16152894,-0.15519217,0.16283798,0.027082026,0.08358014,0.2017378,0.07140856,0.117126256,0.0,2.0006970841868124,1.9232195278820632,1.9937377950636028,1.9921312124404362,1.39236912984752,2.0006160442643055,0.8558919628554615,1.482495127881151,1.234033465924209,2.1926701191791236,-0.41295174914710897,-0.8660160420895693,0.8628173392713906,1.4540354253835035,-0.6041630291391514
1,4042000000,5195500000,2335125000,18423375000.0,40625000.0,56000000.0,20000000.0,22062500.0,1089.09375,163863068.9,542499423.0,69909.84375,2106325.375,816375000,2.240537037,0.043692306,0.033345293,0.12687166,-0.32071295,-0.056289878,-0.30187026,-0.23153456,-0.16152894,-0.15519217,0.16283798,0.027082026,0.08358014,0.2017378,0.07140856,0.117126256,0.0,-0.20617764981904763,-0.045757303046809535,-0.15704952110003892,-0.255859891368958,-0.5276243640817135,-0.5414185618725995,-0.45941621897374313,-0.51977763413875,-1.037597358506346,-0.35328410867711574,1.994283791916325,1.1555041864268139,-1.1542852851436707,-0.3886277610291993,-0.33730016147871533
1,3860000000,4142000000,2292000000,21622000000.0,428000000.0,366000000.0,190000000.0,182000000.0,3226.0,230824375.0,2850919.0,37804.0,2174917.0,3242000000,2.521234475,0.043692306,0.033345293,0.12687166,-0.32071295,-0.056289878,-0.30187026,-0.23153456,-0.16152894,-0.15519217,0.16283798,0.027082026,0.08358014,0.2017378,0.07140856,0.117126256,0.0,-0.22737296388707226,-0.18779003894215462,-0.16723443118275744,-0.18201186748629225,-0.04758726543817217,-0.14099644403599346,-0.1981984725824291,-0.19758584655094102,0.5415861661760693,-0.21634658742270294,-0.4575337714866934,-0.8660160420895693,0.8707887203471784,0.07523523608228147,-0.29311939400959214
1,529687500,776187500,345562500,2696562500.0,11375000.0,10000000.0,5687500.0,4000000.0,1115.375,25688948.06,86317126.22,69876.875,2106332.781,97125000,4.034580499,0.043692306,0.033345293,0.12687166,-0.32071295,-0.056289878,-0.30187026,-0.23153456,-0.16152894,-0.15519217,0.16283798,0.027082026,0.08358014,0.2017378,0.07140856,0.117126256,0.0,-0.6152137297231615,-0.6415684517430575,-0.6269281336553695,-0.6189515401549851,-0.5638711149957466,-0.6008360374225474,-0.4814084483574236,-0.5561642799429223,-1.0181753941557528,-0.635853591134348,-0.07831672317512828,1.1534283339573115,-1.1540666331131264,-0.5261731197191999,-0.054924171199378556
1,29638000000,24546000000,14470000000,145836000000.0,2904000000.0,2616000000.0,2476000000.0,1786000000.0,4575.0,1653872017.0,4370334.0,37804.0,2174933.0,24928000000,0.32007672,0.043692306,0.033345293,0.12687166,-0.32071295,-0.056289878,-0.30187026,-0.23153456,-0.16152894,-0.15519217,0.16283798,0.027082026,0.08358014,0.2017378,0.07140856,0.117126256,0.0,2.7746754209785243,2.5630746437428207,2.7088660902629447,2.685769894540029,3.0206847093702387,2.7652931209071143,3.3144119288913587,3.033649025138598,1.5385033565285136,2.6938209118701026,-0.4506305217686176,-0.8660160420895693,0.8712610984850028,4.2223449316698405,-0.6395737101922437
1,5014125000,5852437500,2608937500,21170125000.0,70500000.0,84000000.0,34437500.0,39625000.0,1071.125,87242567.84,785216715.8,69907.90625,2106334.281,1381187500,1.83350003,0.043692306,0.033345293,0.12687166,-0.32071295,-0.056289878,-0.30187026,-0.23153456,-0.16152894,-0.15519217,0.16283798,0.027082026,0.08358014,0.2017378,0.07140856,0.117126256,0.0,-0.09296614054224307,0.04281092707872275,-0.0923827224444016,-0.19244449894261476,-0.49060310994302153,-0.5052514028421964,-0.4372319177177161,-0.4843982311250047,-1.0508763472121618,-0.5099749216782605,3.0970358926219967,1.1553821932011181,-1.1540223476627054,-0.28061616852993493,-0.4013663228435187
1,76000000,112000000,56000000,498000000.0,8000000.0,6000000.0,4000000.0,0.0,3380.0,15081627.0,642892.0,37804.0,2174882.0,38000000,20.2458166,0.043692306,0.033345293,0.12687166,-0.32071295,-0.056289878,-0.30187026,-0.23153456,-0.16152894,-0.15519217,0.16283798,0.027082026,0.08358014,0.2017378,0.07140856,0.117126256,0.0,-0.668049164070617,-0.7311141259457054,-0.6953146386020865,-0.6697106932309266,-0.5680534324089043,-0.6060027744268908,-0.48400141863410207,-0.5642222222663376,0.6553928728582609,-0.6575458241224099,-0.4675656335949743,-0.8660160420895693,0.8697553931706873,-0.5374798549747387,2.496666102187215
1,75375000,138250000,52375000,395000000.0,,,,,1164.65625,4372257.125,16341841.91,69877.84375,2106331.75,2000000,4.034580499,0.043692306,0.033345293,0.12687166,-0.32071295,-0.056289878,-0.30187026,-0.23153456,-0.16152894,-0.15519217,0.16283798,0.027082026,0.08358014,0.2017378,0.07140856,0.117126256,0.0,-0.6681219501766199,-0.7275751042871835,-0.6961707614786049,-0.6720886982987024,,,,,-0.9817563242617154,-0.6794467494521681,-0.3962396485676495,1.1534893305701595,-1.1540970719793813,-0.5443642942000985,-0.054924171199378556
1,514000000,710000000,396000000,3370000000.0,34000000.0,52000000.0,16000000.0,16000000.0,3225.0,121127612.0,1656294.0,37804.0,2174899.0,162000000,20.2458166,0.043692306,0.033345293,0.12687166,-0.32071295,-0.056289878,-0.30187026,-0.23153456,-0.16152894,-0.15519217,0.16283798,0.027082026,0.08358014,0.2017378,0.07140856,0.117126256,0.0,-0.6170406609838325,-0.6504918420677591,-0.6150162170803639,-0.6034036004673122,-0.535834098263097,-0.5465852988769427,-0.4655625188888329,-0.5319904529726763,0.5408471615872238,-0.4406791712647733,-0.4629613832283546,-0.8660160420895693,0.8702572949421258,-0.5137667865318328,2.496666102187215
1,128125000,257812500,108437500,788375000.0,1312500.0,1750000.0,0.0,0.0,1124.09375,13427714.31,24423505.19,69909.84375,2106333.281,15437500,4.034580499,0.043692306,0.033345293,0.12687166,-0.32071295,-0.056289878,-0.30187026,-0.23153456,-0.16152894,-0.15519217,0.16283798,0.027082026,0.08358014,0.2017378,0.07140856,0.117126256,0.0,-0.6619788028299809,-0.7114557032568207,-0.6829303783710708,-0.6630066813711653,-0.5763406169127537,-0.6114924324940055,-0.4901477185491918,-0.5642222222663376,-1.011732197896757,-0.6609281163345957,-0.35952174084708394,1.1555041864268139,-1.1540518712963195,-0.5417945816420214,-0.054924171199378556
1,4324000000,4538000000,2512000000,24010000000.0,518000000.0,406000000.0,212000000.0,192000000.0,3541.0,253121449.0,2934804.0,37804.0,2175491.0,3562000000,2.521234475,0.043692306,0.033345293,0.12687166,-0.32071295,-0.056289878,-0.30187026,-0.23153456,-0.16152894,-0.15519217,0.16283798,0.027082026,0.08358014,0.2017378,0.07140856,0.117126256,0.0,-0.17333655879056994,-0.1344013693507387,-0.11527662902164275,-0.1268790897984402,0.063941198912699,-0.08932907399256043,-0.1643938230494355,-0.17744099074240277,0.7743726116623701,-0.170748521575146,-0.4571526517119111,-0.8660160420895693,0.8877352860416308,0.13643025141881282,-0.29311939400959214
1,592687500,850000000,376812500,2959687500.0,12875000.0,12000000.0,6000000.0,4000000.0,1093.1875,26552475.56,98134214.31,69877.84375,2106350.75,104437500,4.034580499,0.043692306,0.033345293,0.12687166,-0.32071295,-0.056289878,-0.30187026,-0.23153456,-0.16152894,-0.15519217,0.16283798,0.027082026,0.08358014,0.2017378,0.07140856,0.117126256,0.0,-0.607876890238076,-0.6316170598889758,-0.6195477640302111,-0.6128766607039314,-0.5620123072565655,-0.5982526689203758,-0.4809282686765572,-0.5561642799429223,-1.03457205847076,-0.6340876561149739,-0.02462743484654868,1.1534893305701595,-1.1535361229407148,-0.5247747180015487,-0.054924171199378556
1,33332000000,27566000000,16252000000,163792000000.0,3382000000.0,2944000000.0,2848000000.0,2006000000.0,4309.0,1852277309.0,4335881.0,37804.0,2175510.0,22428000000,0.28006713,0.043692306,0.033345293,0.12687166,-0.32071295,-0.056289878,-0.30187026,-0.23153456,-0.16152894,-0.15519217,0.16283798,0.027082026,0.08358014,0.2017378,0.07140856,0.117126256,0.0,3.2048704218976614,2.9702306593137195,3.1297242877679734,3.1003277488796734,3.6130247755893103,3.1889655552632656,3.8860178209947045,3.47683585292644,1.3419281358956372,3.0995646237634102,-0.4507870541593975,-0.8660160420895693,0.8882962350802973,3.7442588743531897,-0.6458710758002796
1,5791500000,6787812500,2996687500,24361687500.0,77437500.0,94000000.0,38187500.0,44750000.0,1086.03125,92807998.25,921501277.3,69876.875,2106351.313,1530125000,1.83350003,0.043692306,0.033345293,0.12687166,-0.32071295,-0.056289878,-0.30187026,-0.23153456,-0.16152894,-0.15519217,0.16283798,0.027082026,0.08358014,0.2017378,0.07140856,0.117126256,0.0,-0.002434781895920896,0.16891806551071933,-0.0008070961354369901,-0.11875953001908658,-0.48200612414930855,-0.4923345603313381,-0.4314697615473194,-0.4740739925231288,-1.039860560059685,-0.49859347932823844,3.7162257523725923,1.1534283339573115,-1.1535195011349877,-0.25213419166529544,-0.4013663228435187
1,84000000,118000000,60000000,534000000.0,8000000.0,6000000.0,4000000.0,0.0,3576.0,15503380.0,653340.0,37804.0,2175452.0,42000000,20.2458166,0.043692306,0.033345293,0.12687166,-0.32071295,-0.056289878,-0.30187026,-0.23153456,-0.16152894,-0.15519217,0.16283798,0.027082026,0.08358014,0.2017378,0.07140856,0.117126256,0.0,-0.6671175019137808,-0.7303052067094717,-0.6943699512900663,-0.6688795458285971,-0.5680534324089043,-0.6060027744268908,-0.48400141863410207,-0.5642222222663376,0.8002377722719591,-0.6566833288431906,-0.46751816456705597,-0.8660160420895693,0.8865838643306836,-0.536714917283032,2.496666102187215
1,81125000,146875000,55312500,419437500.0,,,,,1194.28125,4440950.625,16607374.22,69876.875,2106349.531,2062500,5.046254588,0.043692306,0.033345293,0.12687166,-0.32071295,-0.056289878,-0.30187026,-0.23153456,-0.16152894,-0.15519217,0.16283798,0.027082026,0.08358014,0.2017378,0.07140856,0.117126256,0.0,-0.6674523180013938,-0.7264122828850977,-0.69547700673384,-0.6715244992808017,,,,,-0.9598633133171706,-0.6793062695516978,-0.3950332396246369,1.1534283339573115,-1.1535721122500915,-0.5443523420486656,0.10430969284695472
1,572000000,762000000,424000000,3672000000.0,48000000.0,56000000.0,20000000.0,18000000.0,4277.0,129548170.0,1644413.0,37804.0,2175472.0,238000000,10.09250918,0.043692306,0.033345293,0.12687166,-0.32071295,-0.056289878,-0.30187026,-0.23153456,-0.16152894,-0.15519217,0.16283798,0.027082026,0.08358014,0.2017378,0.07140856,0.117126256,0.0,-0.6102861103467697,-0.6434812086870682,-0.608403405896222,-0.5964311972588819,-0.5184852260307393,-0.5414185618725995,-0.45941621897374313,-0.5279614818109687,1.3182799890525845,-0.42345892262779194,-0.46301536289151474,-0.8660160420895693,0.8871743370029642,-0.4992329703894066,0.8985720213800251
1,141000000,275750000,114937500,842812500.0,1812500.0,2000000.0,0.0,0.0,1143.84375,13465634.88,26961108.0,69909.84375,2106351.156,16500000,4.034580499,0.043692306,0.033345293,0.12687166,-0.32071295,-0.056289878,-0.30187026,-0.23153456,-0.16152894,-0.15519217,0.16283798,0.027082026,0.08358014,0.2017378,0.07140856,0.117126256,0.0,-0.6604794090463225,-0.709037371790164,-0.681395261489038,-0.66174985951799,-0.5757210143330267,-0.6111695114312341,-0.4901477185491918,-0.5642222222663376,-0.9971368572670604,-0.6608505678343828,-0.3479924971034584,1.1555041864268139,-1.1535241363454687,-0.5415913950676619,-0.054924171199378556
1,2290000000,2098000000,1156000000,11686000000.0,238000000.0,164000000.0,96000000.0,82000000.0,4955.0,160067563.0,3452507.0,37804.0,2176063.0,540000000,5.046254588,0.043692306,0.033345293,0.12687166,-0.32071295,-0.056289878,-0.30187026,-0.23153456,-0.16152894,-0.15519217,0.16283798,0.027082026,0.08358014,0.2017378,0.07140856,0.117126256,0.0,-0.4102116621661857,-0.4633618587523923,-0.4355256277965132,-0.4114085505292143,-0.28303624573445574,-0.4019166627553303,-0.34263652058703803,-0.3990344046363238,1.8193251002897657,-0.36104601178390866,-0.4548005404791031,-0.8660160420895693,0.9046228044688551,-0.4414801746655551,0.10430969284695472
1,3980000000,3790000000,2124000000,20784000000.0,256000000.0,286000000.0,142000000.0,156000000.0,4898.0,306987505.0,7725026.0,37804.0,2176065.0,1630000000,2.882337526,0.043692306,0.033345293,0.12687166,-0.32071295,-0.056289878,-0.30187026,-0.23153456,-0.16152894,-0.15519217,0.16283798,0.027082026,0.08358014,0.2017378,0.07140856,0.117126256,0.0,-0.21339803153452855,-0.23524663413452432,-0.20691129828760862,-0.20135913201829395,-0.26073055286428154,-0.24433118412285953,-0.271954071563506,-0.24996247165314053,1.777201838725578,-0.060591109511294504,-0.4353889474763861,-0.8660160420895693,0.9046818517360832,-0.23303465367549522,-0.23628307215965086
1,577812500,1062500000,481062500,3573750000.0,7937500.0,9500000.0,2000000.0,2000000.0,1118.71875,80139507.16,80181079.41,69907.90625,2106369.625,57875000,4.034580499,0.043692306,0.033345293,0.12687166,-0.32071295,-0.056289878,-0.30187026,-0.23153456,-0.16152894,-0.15519217,0.16283798,0.027082026,0.08358014,0.2017378,0.07140856,0.117126256,0.0,-0.6096091995609434,-0.6029678369390367,-0.5949268509606829,-0.598699537044406,-0.5681308827313701,-0.6014818795480904,-0.48707456859164694,-0.5601932511046299,-1.015704347561801,-0.5245008558257559,-0.10619499435925643,1.1553821932011181,-1.15297886435625,-0.5336790708190713,-0.054924171199378556
1,4790000000,4940000000,2734000000,26368000000.0,558000000.0,448000000.0,242000000.0,220000000.0,5062.0,279110751.0,2894288.0,37804.0,2176065.0,3778000000,2.240537037,0.043692306,0.033345293,0.12687166,-0.32071295,-0.056289878,-0.30187026,-0.23153456,-0.16152894,-0.15519217,0.16283798,0.027082026,0.08358014,0.2017378,0.07140856,0.117126256,0.0,-0.11906723815485855,-0.08020378052308924,-0.06284648320451795,-0.07243893494586269,0.11350940529086397,-0.03507833544695575,-0.11829657368626245,-0.12103539447849561,1.8983985912962233,-0.11759975847160858,-0.457336730495902,-0.8660160420895693,0.9046818517360832,0.1777368867709715,-0.33730016147871533
1,647062500,911500000,403812500,3187250000.0,14062500.0,12000000.0,6000000.0,4250000.0,1083.1875,27205115.16,107779241.0,69908.875,2106369.656,118375000,4.034580499,0.043692306,0.033345293,0.12687166,-0.32071295,-0.056289878,-0.30187026,-0.23153456,-0.16152894,-0.15519217,0.16283798,0.027082026,0.08358014,0.2017378,0.07140856,0.117126256,0.0,-0.6015444990158296,-0.6233256377175815,-0.6131711246740743,-0.6076228279055261,-0.5605407511297137,-0.5982526689203758,-0.4809282686765572,-0.5556606585477089,-1.0419621043592142,-0.6327529920484903,0.019193396051247855,1.155443189813966,-1.1529779491236092,-0.5221093882320084,-0.054924171199378556
1,6132000000,5558000000,2978000000,31494000000.0,396000000.0,454000000.0,234000000.0,258000000.0,4516.0,380190057.0,3800412.0,37804.0,2177305.0,1732000000,2.017290249,0.043692306,0.033345293,0.12687166,-0.32071295,-0.056289878,-0.30187026,-0.23153456,-0.16152894,-0.15519217,0.16283798,0.027082026,0.08358014,0.2017378,0.07140856,0.117126256,0.0,0.03721908865442186,0.0031149008089689104,-0.0052205571712816735,0.045907220174710835,-0.08724183054070414,-0.0273282299404408,-0.13058917351644195,-0.04448494240605017,1.494902085786635,0.0891099134258501,-0.4532198827304517,-0.8660160420895693,0.9412911574174787,-0.21352874253697585,-0.37243840320665245
1,9152000000,8092000000,4558000000,46438000000.0,638000000.0,798000000.0,340000000.0,388000000.0,3957.0,567434881.0,5915841.0,37804.0,2176065.0,4606000000,1.260617238,0.043692306,0.033345293,0.12687166,-0.32071295,-0.056289878,-0.30187026,-0.23153456,-0.16152894,-0.15519217,0.16283798,0.027082026,0.08358014,0.2017378,0.07140856,0.117126256,0.0,0.38892155286010505,0.3447484582449485,0.3679309310767237,0.39092574185279333,0.2126458180471939,0.4170111524330833,0.03228777423343622,0.21739818310494735,1.0817985206220566,0.47203019320633655,-0.44360872669483326,-0.8660160420895693,0.9046818517360832,0.33607898895424637,-0.4915360144543629
1,1366375000,1882125000,838375000,6623000000.0,17812500.0,22000000.0,8375000.0,7875000.0,1097.875,76538237.47,227036636.1,69877.84375,2106368.688,317812500,3.360805556,0.043692306,0.033345293,0.12687166,-0.32071295,-0.056289878,-0.30187026,-0.23153456,-0.16152894,-0.15519217,0.16283798,0.027082026,0.08358014,0.2017378,0.07140856,0.117126256,0.0,-0.5177749696171705,-0.49246609877271275,-0.5105397046666225,-0.5283001976957113,-0.5558937317817607,-0.5853358264095175,-0.4772789031019727,-0.5483581483171137,-1.0311079744605474,-0.5318655410960937,0.5610227047671172,1.1534893305701595,-1.1530065280009438,-0.4839700730095725,-0.16097392461110982
1,13018000000,12436000000,6452000000,68472000000.0,870000000.0,966000000.0,506000000.0,566000000.0,4834.0,822484495.0,9456408.0,37804.0,2176065.0,4176000000,0.960230159,0.043692306,0.033345293,0.12687166,-0.32071295,-0.056289878,-0.30187026,-0.23153456,-0.16152894,-0.15519217,0.16283798,0.027082026,0.08358014,0.2017378,0.07140856,0.117126256,0.0,0.8391472901512214,0.9304059852780563,0.81524037331832,0.8996341269340882,0.5001414150405507,0.6340141066155021,0.2873592207096605,0.5759766164969286,1.7299055450394722,0.9936129396046298,-0.4275226553156654,-0.8660160420895693,0.9046818517360832,0.2538481870957824,-0.5388158606210677
1,17710000000,15248000000,8500000000,88990000000.0,1044000000.0,1346000000.0,706000000.0,766000000.0,3992.0,1035895335.0,6243142.0,37804.0,2176065.0,6702000000,0.720275516,0.043692306,0.033345293,0.12687166,-0.32071295,-0.056289878,-0.30187026,-0.23153456,-0.16152894,-0.15519217,0.16283798,0.027082026,0.08358014,0.2017378,0.07140856,0.117126256,0.0,1.3855671451356801,1.3095194673261916,1.2989202770726966,1.373341971406177,0.7157631127855683,1.1248541220281156,0.5946742164641475,0.9788737326676941,1.1076636812316456,1.430043366973819,-0.44212168034082466,-0.8660160420895693,0.9046818517360832,0.7369063394085267,-0.5765838586514574
1,2750500000,3392312500,1513312500,12230625000.0,38250000.0,44000000.0,16125000.0,14000000.0,1106.46875,91494119.94,414216903.8,69909.84375,2106369.688,638375000,2.882337526,0.043692306,0.033345293,0.12687166,-0.32071295,-0.056289878,-0.30187026,-0.23153456,-0.16152894,-0.15519217,0.16283798,0.027082026,0.08358014,0.2017378,0.07140856,0.117126256,0.0,-0.35658285926329925,-0.2888628122611309,-0.3511384815024528,-0.39883456014050145,-0.530567476335417,-0.5569187728856294,-0.4653704470164863,-0.536019424134384,-1.0247571537751572,-0.5012803928530829,1.4114500930904965,1.1555041864268139,-1.15297700436733,-0.4226674883101449,-0.23628307215965086
1,23746000000,25464000000,13260000000,132644000000.0,1488000000.0,1770000000.0,892000000.0,1016000000.0,3956.0,1305251335.0,2198428.0,37804.0,2177326.0,7382000000,0.517047009,0.043692306,0.033345293,0.12687166,-0.32071295,-0.056289878,-0.30187026,-0.23153456,-0.16152894,-0.15519217,0.16283798,0.027082026,0.08358014,0.2017378,0.07140856,0.117126256,0.0,2.0885062424686285,2.6868392868865576,2.4230981783768137,2.3812005464419785,1.2659702035831994,1.672528244488506,0.8804771625158205,1.482495127881151,1.081059516033211,1.9808830253269532,-0.46049827316121744,-0.8660160420895693,0.9419111537233733,0.8669457469986559,-0.6085712949274668
1,30574000000,26030000000,15076000000,153058000000.0,2086000000.0,2700000000.0,1158000000.0,1358000000.0,5161.0,1820572347.0,12610584.0,37804.0,2176086.0,14182000000,0.411560808,0.043692306,0.033345293,0.12687166,-0.32071295,-0.056289878,-0.30187026,-0.23153456,-0.16152894,-0.15519217,0.16283798,0.027082026,0.08358014,0.2017378,0.07140856,0.117126256,0.0,2.8836798933283654,2.7631473348379245,2.851986218034015,2.8525072984184487,2.007014888936766,2.8737945979983244,1.2892061068692884,2.17144919653316,1.971560045591918,3.0347271950958508,-0.41319209744782726,-0.8660160420895693,0.9053018480419778,2.1673398228999474,-0.625174443680047
1,5365187500,6660437500,2995250000,23808062500.0,70187500.0,74000000.0,29937500.0,29937500.0,1068.71875,176178007.3,675902545.2,69877.84375,2106369.344,1131062500,1.83350003,0.043692306,0.033345293,0.12687166,-0.32071295,-0.056289878,-0.30187026,-0.23153456,-0.16152894,-0.15519217,0.16283798,0.027082026,0.08358014,0.2017378,0.07140856,0.117126256,0.0,-0.05208218480045246,0.1517453842248441,-0.0011465931381942733,-0.13154130725838184,-0.490990361555351,-0.5181682453530546,-0.44414650512219206,-0.5039135601895262,-1.052654577004071,-0.3280997561440521,2.6003822348812653,1.1534893305701595,-1.1529871604972943,-0.32844867856446586,-0.4013663228435187
1,36970000000,31168000000,17826000000,183474000000.0,3780000000.0,3270000000.0,3144000000.0,2272000000.0,3965.0,2055747337.0,4384309.0,37804.0,2176085.0,19978000000,0.261887755,0.043692306,0.033345293,0.12687166,-0.32071295,-0.056289878,-0.30187026,-0.23153456,-0.16152894,-0.15519217,0.16283798,0.027082026,0.08358014,0.2017378,0.07140856,0.117126256,0.0,3.6285437877189444,3.4558518407992755,3.501458745047948,3.5547345036754456,4.106228429052051,3.610054621117245,4.340844014711346,4.012689017433558,1.0877105573328196,3.5156658455985377,-0.45056702830908874,-0.8660160420895693,0.9052723244083638,3.2757345381828715,-0.6487324440597539
1,6331375000,7391750000,3264125000,26588500000.0,96687500.0,104000000.0,45687500.0,49625000.0,1114.0,99570288.63,978696353.0,69908.875,2106370.313,1734250000,1.680402778,0.043692306,0.033345293,0.12687166,-0.32071295,-0.056289878,-0.30187026,-0.23153456,-0.16152894,-0.15519217,0.16283798,0.027082026,0.08358014,0.2017378,0.07140856,0.117126256,0.0,0.0604378564693252,0.25034084238285503,0.062354107116668035,-0.06734815710659495,-0.4581514248298167,-0.4794177178204798,-0.41994544920652616,-0.46425337531646643,-1.0191915254654154,-0.48476442884262133,3.9760835859475843,1.155443189813966,-1.152958552096321,-0.21309846508539085,-0.42546327983381993
1,94000000,124000000,64000000,572000000.0,10000000.0,8000000.0,4000000.0,2000000.0,4051.0,20673045.0,702505.0,37804.0,2176022.0,50000000,10.09250918,0.043692306,0.033345293,0.12687166,-0.32071295,-0.056289878,-0.30187026,-0.23153456,-0.16152894,-0.15519217,0.16283798,0.027082026,0.08358014,0.2017378,0.07140856,0.117126256,0.0,-0.6659529242177354,-0.7294962874732382,-0.693425263978046,-0.6680022235705827,-0.5655750220899961,-0.6034194059247191,-0.48400141863410207,-0.5601932511046299,1.151264951973524,-0.6461112365103665,-0.46729479026024107,-0.8660160420895693,0.90341233549068,-0.5351850418996188,0.8985720213800251
1,91000000,162437500,60625000,461125000.0,,,,,1149.0625,4395258.281,19608527.25,69877.84375,2106367.375,2062500,5.046254588,0.043692306,0.033345293,0.12687166,-0.32071295,-0.056289878,-0.30187026,-0.23153456,-0.16152894,-0.15519217,0.16283798,0.027082026,0.08358014,0.2017378,0.07140856,0.117126256,0.0,-0.6663022975265491,-0.7243141486161169,-0.6942223438975631,-0.6705620421326182,,,,,-0.9932801770690234,-0.6793997115212782,-0.38139792023641855,1.1534893305701595,-1.1530452925318815,-0.5443523420486656,0.10430969284695472
1,630000000,810000000,454000000,3964000000.0,78000000.0,62000000.0,24000000.0,18000000.0,4488.0,130006895.0,1694650.0,37804.0,2176044.0,186000000,10.09250918,0.043692306,0.033345293,0.12687166,-0.32071295,-0.056289878,-0.30187026,-0.23153456,-0.16152894,-0.15519217,0.16283798,0.027082026,0.08358014,0.2017378,0.07140856,0.117126256,0.0,-0.603531559709707,-0.6370098547971995,-0.6013182510560701,-0.5896896683288766,-0.48130907124711564,-0.5336684563660845,-0.4532699190586534,-0.5279614818109687,1.4742099572989638,-0.42252081869738745,-0.46278711810250917,-0.8660160420895693,0.9040618554301886,-0.509177160381593,0.8985720213800251
1,145812500,281312500,118062500,864750000.0,1437500.0,2000000.0,0.0,0.0,1126.09375,13611079.13,27212681.69,69908.875,2106369.0,18437500,4.034580499,0.043692306,0.033345293,0.12687166,-0.32071295,-0.056289878,-0.30187026,-0.23153456,-0.16152894,-0.15519217,0.16283798,0.027082026,0.08358014,0.2017378,0.07140856,0.117126256,0.0,-0.6599189560301008,-0.7082874362482392,-0.6806572245265221,-0.6612433790696954,-0.576185716267822,-0.6111695114312341,-0.4901477185491918,-0.5642222222663376,-1.0102541887190661,-0.660553130758619,-0.3468495071997338,1.155443189813966,-1.1529973166272587,-0.5412208783732415,-0.054924171199378556
