ranks,PAPI_BR_INS,PAPI_LD_INS,PAPI_SR_INS,PAPI_TOT_INS,PAPI_L1_LDM,PAPI_L1_STM,PAPI_L2_LDM,PAPI_L2_STM,FP_ARITH:SCALAR_SINGLE,FP_ARITH:SCALAR_DOUBLE,ARITH,IO Bytes Read,IO Bytes Written,PAPI_MEM_WCY,rp_quartz_Ruby,emb1_1,emb1_2,emb1_3,emb1_4,emb1_5,emb1_6,emb1_7,emb1_8,emb1_9,emb1_10,emb2_1,emb2_2,emb2_3,emb2_4,emb2_5,ranks,PAPI_BR_INS,PAPI_LD_INS,PAPI_SR_INS,PAPI_TOT_INS,PAPI_L1_LDM,PAPI_L1_STM,PAPI_L2_LDM,PAPI_L2_STM,FP_ARITH:SCALAR_SINGLE,FP_ARITH:SCALAR_DOUBLE,ARITH,IO Bytes Read,IO Bytes Written,PAPI_MEM_WCY,rp_quartz_Ruby
1,7111111.111,46305555.56,11166666.67,98944444.44,1722222.222,1666666.667,83333.33333,83333.33333,6.25,26038075.93,26638959.25,525.0555556,30141.91667,11777777.78,1.0,0.022291094,-0.30572546,0.09384415,0.032305274,0.26905745,0.13738795,-0.051057775,-0.029365052,0.041664895,0.08372256,-0.021513425,-0.038474403,-0.18024799,0.29846665,0.24567583,0.0,-0.5204824844127341,-0.5480405621342228,-0.5602611214002601,-0.5461658604175355,-0.4796121424826712,-0.5692160821016845,-0.47833631740610344,-0.3894085685998551,-1.4740809182327967,-0.5769714977053709,-0.3880939472879949,0.0,0.5805847488542568,-0.38819553097314974,1.750212605127178
1,12416666.67,73916666.67,17916666.67,165555555.6,1750000.0,2388888.889,83333.33333,83333.33333,9.152777778,38292887.64,26702311.21,525.0555556,30141.91667,11916666.67,0.750750751,0.022291094,-0.30572546,0.09384415,0.032305274,0.26905745,0.13738795,-0.051057775,-0.029365052,0.041664895,0.08372256,-0.021513425,-0.038474403,-0.18024799,0.29846665,0.24567583,0.0,-0.45126819479425306,-0.47739835703337524,-0.4778844984302227,-0.4715937084086741,-0.47358253575907966,-0.48561591512364655,-0.47833631740610344,-0.3894085685998551,-0.8825995821251725,-0.49929654261266293,-0.38671440133334267,0.0,0.5805847488542568,-0.3816867594018593,-0.10496992346207447
1,21527777.78,120250000.0,29166666.67,277444444.4,2472222.222,3583333.333,138888.8889,111111.1111,22.0,58800006.71,26588580.17,525.0555556,30141.91667,11750000.0,0.799519808,0.022291094,-0.30572546,0.09384415,0.032305274,0.26905745,0.13738795,-0.051057775,-0.029365052,0.041664895,0.08372256,-0.021513425,-0.038474403,-0.18024799,0.29846665,0.24567583,0.0,-0.332408053551559,-0.3588559042119685,-0.34059012681349365,-0.34633239571784735,-0.3168127622480951,-0.34735410051502674,-0.24688326055945267,-0.2027058302908295,1.735200589397333,-0.3693157978621534,-0.3891909971032349,0.0,0.5805847488542568,-0.3894972853811341,0.2580221531245771
1,34333333.33,185222222.2,44916666.67,434333333.3,2833333.333,5250000.0,138888.8889,111111.1111,19.0,87480035.36,26651083.21,525.0555556,30141.91667,12694444.44,0.714408233,0.022291094,-0.30572546,0.09384415,0.032305274,0.26905745,0.13738795,-0.051057775,-0.029365052,0.041664895,0.08372256,-0.021513425,-0.038474403,-0.18024799,0.29846665,0.24567583,0.0,-0.16535157460097316,-0.19262640956305715,-0.14837800655007305,-0.17069289852570713,-0.23842787549260283,-0.15443063816007072,-0.24688326055945267,-0.2027058302908295,1.1239088736582608,-0.18753251223007023,-0.3878299371457299,0.0,0.5805847488542568,-0.3452376392587173,-0.3754702547932248
1,50722222.22,268611111.1,65166666.67,635722222.2,3055555.556,7444444.444,166666.6667,111111.1111,5.055555556,124326588.8,26606524.21,525.0555556,30141.91667,12750000.0,0.750187547,0.022291094,-0.30572546,0.09384415,0.032305274,0.26905745,0.13738795,-0.051057775,-0.029365052,0.041664895,0.08372256,-0.021513425,-0.038474403,-0.18024799,0.29846665,0.24567583,0.0,0.0484517282846854,0.020721578112531648,0.09875186236003919,0.054765025451468705,-0.19019102192093654,0.09958525383837197,-0.13115673207363493,-0.2027058302908295,-1.7174655827420509,0.0460128454221906,-0.3888002494800814,0.0,0.5805847488542568,-0.3426341304427485,-0.10916189685827736
1,15583333.33,99138888.89,23166666.67,211944444.4,3472222.222,3388888.889,166666.6667,194444.4444,11.29166667,53147028.29,53375364.1,525.0555556,30141.91667,23694444.44,0.666,0.022291094,-0.30572546,0.09384415,0.032305274,0.26905745,0.13738795,-0.051057775,-0.029365052,0.041664895,0.08372256,-0.021513425,-0.038474403,-0.18024799,0.29846665,0.24567583,0.0,-0.4099570482247618,-0.412868052980559,-0.41381379167574917,-0.4196606418845852,-0.09974692193532701,-0.3698618377338238,-0.13115673207363493,0.35740238456903434,-0.4467712286031983,-0.40514620107881344,0.19411533483618712,0.0,0.5805847488542568,0.17025706506352423,-0.7357766888618692
1,31833333.33,175833333.3,39388888.89,392861111.1,3527777.778,4972222.222,166666.6667,222222.2222,15.02777778,81357435.72,53461721.04,525.0555556,30141.91667,23305555.56,0.714408233,0.022291094,-0.30572546,0.09384415,0.032305274,0.26905745,0.13738795,-0.051057775,-0.029365052,0.041664895,0.08372256,-0.021513425,-0.038474403,-0.18024799,0.29846665,0.24567583,0.0,-0.19796563775081166,-0.21664760207141143,-0.21583869781603016,-0.21712168201522236,-0.08768770848814399,-0.18658454857185572,-0.13115673207363493,0.5441051230796987,0.31451336160470494,-0.22633952643327987,0.19599583493804879,0.0,0.5805847488542568,0.15203250522626888,-0.3754702547932248
1,59111111.11,303944444.4,66388888.89,695000000.0,4527777.778,7555555.556,250000.0,222222.2222,9.555555556,128256375.0,53200544.01,525.0555556,30141.91667,24777777.78,0.636115657,0.022291094,-0.30572546,0.09384415,0.032305274,0.26905745,0.13738795,-0.051057775,-0.029365052,0.041664895,0.08372256,-0.021513425,-0.038474403,-0.18024799,0.29846665,0.24567583,0.0,0.1578900290908608,0.11112085860259534,0.11366779406411949,0.12112739923369134,0.12937813182462413,0.11244681809568921,0.2160228529672027,0.5441051230796987,-0.8005280091334424,0.07092109973342259,0.1903084700138291,0.0,0.5805847488542568,0.221025483225863,-0.9582082959154523
1,97388888.89,483472222.2,104250000.0,1118444444.0,5222222.222,11111111.11,250000.0,222222.2222,12.22222222,194015103.1,53270869.19,525.0555556,30141.91667,26027777.78,0.75,0.022291094,-0.30572546,0.09384415,0.032305274,0.26905745,0.13738795,-0.051057775,-0.029365052,0.041664895,0.08372256,-0.021513425,-0.038474403,-0.18024799,0.29846665,0.24567583,0.0,0.6572475737918226,0.5704373290670464,0.5757226792693291,0.5951798943110872,0.28011829861201715,0.5240168708572195,0.2160228529672027,0.5441051230796987,-0.257157595686526,0.4877211594155385,0.1918398641108576,0.0,0.5805847488542568,0.27960442689884496,-0.1105578245053426
1,146222222.2,713750000.0,152805555.6,1661611111.0,6750000.0,15805555.56,361111.1111,222222.2222,8.527777778,278576985.0,53176580.24,525.0555556,30141.91667,26277777.78,0.764560537,0.022291094,-0.30572546,0.09384415,0.032305274,0.26905745,0.13738795,-0.051057775,-0.029365052,0.041664895,0.08372256,-0.021513425,-0.038474403,-0.18024799,0.29846665,0.24567583,0.0,1.2943089403476031,1.1595961624333506,1.1682919676784977,1.2032632388506674,0.6117466658047609,1.0674179570247437,0.6789289664938579,0.5441051230796987,-1.0099520229041459,1.0237016815624085,0.18978663735132414,0.0,0.5805847488542568,0.29132021563344135,-0.0021825577486614526
1,3361111.111,22305555.56,5500000.0,47611111.11,861111.1111,833333.3333,27777.77778,27777.77778,12.40277778,12862179.61,13461422.29,525.0555556,30141.91667,4388888.889,0.666,0.022291094,-0.30572546,0.09384415,0.032305274,0.26905745,0.13738795,-0.051057775,-0.029365052,0.041664895,0.08372256,-0.021513425,-0.038474403,-0.18024799,0.29846665,0.24567583,0.0,-0.5694035791374918,-0.6094438470533259,-0.629416804921959,-0.603634307791298,-0.6665299493728409,-0.6656778133023132,-0.709789374169431,-0.7628140452851192,-0.22036688966698334,-0.6604845845794063,-0.6750466762240424,0.0,0.5805847488542568,-0.7344621758945987,-0.7357766888618692
1,5500000.0,33666666.67,8527777.778,75638888.89,916666.6667,1166666.667,27777.77778,55555.55556,6.319444444,18540896.81,13417601.01,525.0555556,30141.91667,4750000.0,1.0,0.022291094,-0.30572546,0.09384415,0.032305274,0.26905745,0.13738795,-0.051057775,-0.029365052,0.041664895,0.08372256,-0.021513425,-0.038474403,-0.18024799,0.29846665,0.24567583,0.0,-0.5415004362189583,-0.580376782783121,-0.5924659740396828,-0.5722567843018558,-0.6544707360124843,-0.6270931207965958,-0.709789374169431,-0.5761113069088806,-1.4599306471256948,-0.624491040661122,-0.6760009240413425,0.0,0.5805847488542568,-0.7175393699498331,1.750212605127178
1,8861111.111,52361111.11,13583333.33,121611111.1,1027777.778,1750000.0,27777.77778,27777.77778,14.625,28034570.5,13403595.24,525.0555556,30141.91667,5222222.222,1.0,0.022291094,-0.30572546,0.09384415,0.032305274,0.26905745,0.13738795,-0.051057775,-0.029365052,0.041664895,0.08372256,-0.021513425,-0.038474403,-0.18024799,0.29846665,0.24567583,0.0,-0.49765264020784716,-0.5325476036850517,-0.5307682564676558,-0.5207901823622092,-0.6303523092700642,-0.5595699090244505,-0.709789374169431,-0.7628140452851192,0.23244178820544692,-0.5643170702251803,-0.6763059122902504,0.0,0.5805847488542568,-0.6954095467948985,1.750212605127178
1,13638888.89,78555555.56,20666666.67,186138888.9,1194444.444,2555555.556,55555.55556,55555.55556,15.18055556,41330944.85,13505054.47,525.0555556,30141.91667,5388888.889,0.750750751,0.022291094,-0.30572546,0.09384415,0.032305274,0.26905745,0.13738795,-0.051057775,-0.029365052,0.041664895,0.08372256,-0.021513425,-0.038474403,-0.18024799,0.29846665,0.24567583,0.0,-0.4353235417277667,-0.4655298980241781,-0.4443236520350223,-0.448550353734561,-0.5941746693626467,-0.4663235688534248,-0.5940628457669365,-0.5761113069088806,0.345643958692374,-0.48004035468092454,-0.6740965462294589,0.0,0.5805847488542568,-0.6875990209562132,-0.10496992346207447
1,19805555.56,112333333.3,29777777.78,269333333.3,1222222.222,3583333.333,55555.55556,55555.55556,13.68055556,58454699.14,13503800.21,525.0555556,30141.91667,6611111.111,0.600240096,0.022291094,-0.30572546,0.09384415,0.032305274,0.26905745,0.13738795,-0.051057775,-0.029365052,0.041664895,0.08372256,-0.021513425,-0.038474403,-0.18024799,0.29846665,0.24567583,0.0,-0.3548755192480131,-0.37911046008653826,-0.33313216096145354,-0.3554129079533673,-0.5881450626390552,-0.34735410051502674,-0.5940628457669365,-0.5761113069088806,0.039998100822837834,-0.371504468779964,-0.6741238588699688,0.0,0.5805847488542568,-0.6303218315974892,-1.225233028136563
1,4250000.0,43416666.67,8500000.0,79888888.89,1722222.222,1333333.333,83333.33333,55555.55556,12.97222222,25978649.74,26698371.32,525.0555556,30141.91667,11750000.0,0.666,0.022291094,-0.30572546,0.09384415,0.032305274,0.26905745,0.13738795,-0.051057775,-0.029365052,0.041664895,0.08372256,-0.021513425,-0.038474403,-0.18024799,0.29846665,0.24567583,0.0,-0.5578074677938776,-0.5554316982847354,-0.5928049724908313,-0.5674988446650827,-0.4796121424826712,-0.607800774642128,-0.47833631740610344,-0.5761113069088806,-0.10433466675175793,-0.5773481600930773,-0.38680019598454646,0.0,0.5805847488542568,-0.3894972853811341,-0.7357766888618692
1,9722222.222,71194444.44,15250000.0,147027777.8,1750000.0,2055555.556,83333.33333,55555.55556,15.125,38264744.6,26719690.64,525.0555556,30141.88889,11805555.56,1.0,0.022291094,-0.30572546,0.09384415,0.032305274,0.26905745,0.13738795,-0.051057775,-0.029365052,0.041664895,0.08372256,-0.021513425,-0.038474403,-0.18024799,0.29846665,0.24567583,0.0,-0.4864189073465746,-0.4843630815001172,-0.5104283495207939,-0.492335837438308,-0.47358253575907966,-0.5242006075483362,-0.47833631740610344,-0.5761113069088806,0.33432374082862565,-0.49947492229077645,-0.3863359486011674,0.0,-3.4835085000444073,-0.38689377656516527,1.750212605127178
1,18833333.33,117555555.6,26500000.0,258972222.2,2250000.0,3277777.778,111111.1111,55555.55556,7.097222222,58744543.36,26646447.69,525.0555556,30141.90278,12416666.67,1.0,0.022291094,-0.30572546,0.09384415,0.032305274,0.26905745,0.13738795,-0.051057775,-0.029365052,0.041664895,0.08372256,-0.021513425,-0.038474403,-0.18024799,0.29846665,0.24567583,0.0,-0.3675587661299718,-0.3657495599282969,-0.37313397790406483,-0.36701232940835543,-0.3650496156026956,-0.382723401875387,-0.36260978904527036,-0.5761113069088806,-1.3014476096665804,-0.3696673424898873,-0.3879308797663482,0.0,-1.451461875328965,-0.35825518193266653,1.750212605127178
1,31638888.89,182500000.0,42250000.0,415805555.6,2777777.778,4916666.667,138888.8889,83333.33333,12.65277778,87460624.51,26671234.03,525.0555556,30141.90278,12944444.44,0.666,0.022291094,-0.30572546,0.09384415,0.032305274,0.26905745,0.13738795,-0.051057775,-0.029365052,0.041664895,0.08372256,-0.021513425,-0.038474403,-0.18024799,0.29846665,0.24567583,0.0,-0.2005022870489296,-0.19959113395304495,-0.1809218576406442,-0.1914350274433895,-0.2504870887227201,-0.19301533058476025,-0.24688326055945267,-0.3894085685998551,-0.16942591335539398,-0.18765554446734486,-0.38739113490166477,0.0,-1.451461875328965,-0.3335218505241209,-0.7357766888618692
1,47972222.22,265861111.1,62500000.0,617138888.9,3138888.889,7111111.111,138888.8889,83333.33333,15.72222222,124297125.8,26630040.39,525.0555556,30141.90278,12750000.0,0.857632933,0.022291094,-0.30572546,0.09384415,0.032305274,0.26905745,0.13738795,-0.051057775,-0.029365052,0.041664895,0.08372256,-0.021513425,-0.038474403,-0.18024799,0.29846665,0.24567583,0.0,0.012576258819863061,0.013685785048884349,0.06620801126946803,0.033960701194660436,-0.17210220196722778,0.061000561413682326,-0.24688326055945267,-0.3894085685998551,0.456016072675725,0.04582609941123158,-0.38828816349272016,0.0,-1.451461875328965,-0.3426341304427485,0.6905628914187305
1,10138888.89,93638888.89,17861111.11,174777777.8,3472222.222,2722222.222,166666.6667,138888.8889,5.861111111,53147536.0,53223598.9,525.0555556,30141.90278,23888888.89,0.799519808,0.022291094,-0.30572546,0.09384415,0.032305274,0.26905745,0.13738795,-0.051057775,-0.029365052,0.041664895,0.08372256,-0.021513425,-0.038474403,-0.18024799,0.29846665,0.24567583,0.0,-0.48098323013754063,-0.42693963910785343,-0.4785624953813352,-0.4612692903982015,-0.09974692193532701,-0.447031222698957,-0.13115673207363493,-0.016003091780164996,-1.553322436962354,-0.40514298304883606,0.19081051099621468,0.0,-1.451461875328965,0.17936934545078337,0.2580221531245771
1,26472222.22,170472222.2,34083333.33,356027777.8,3527777.778,4305555.556,166666.6667,138888.8889,12.26388889,81298853.36,53468114.29,525.0555556,30141.90278,23583333.33,0.833,0.022291094,-0.30572546,0.09384415,0.032305274,0.26905745,0.13738795,-0.051057775,-0.029365052,0.041664895,0.08372256,-0.021513425,-0.038474403,-0.18024799,0.29846665,0.24567583,0.0,-0.2679046842687479,-0.2303638450862559,-0.2805874015216162,-0.2583571588299384,-0.08768770848814399,-0.2637539334212349,-0.13115673207363493,-0.016003091780164996,-0.24866743228871482,-0.22671084035387742,0.19613505371162074,0.0,-1.451461875328965,0.16505004790021807,0.5072179581326539
1,53805555.56,298666666.7,61083333.33,658361111.1,4638888.889,6888888.889,250000.0,138888.8889,18.98611111,128324803.4,53079523.13,525.0555556,30141.90278,24500000.0,0.777333333,0.022291094,-0.30572546,0.09384415,0.032305274,0.26905745,0.13738795,-0.051057775,-0.029365052,0.041664895,0.08372256,-0.021513425,-0.038474403,-0.18024799,0.29846665,0.24567583,0.0,0.08867573958979041,0.09761782160872919,0.04891909035853343,0.08010960588201263,0.15349655850192448,0.03527743313055604,0.2160228529672027,-0.016003091780164996,1.1210788191923236,0.07135482103594812,0.18767313141605824,0.0,-1.451461875328965,0.20800794008328213,0.09288640665345212
1,91944444.44,477916666.7,98944444.44,1081111111.0,5416666.667,10444444.44,250000.0,138888.8889,6.027777778,194051921.3,53279896.51,525.0555556,30141.90278,25500000.0,0.833,0.022291094,-0.30572546,0.09384415,0.032305274,0.26905745,0.13738795,-0.051057775,-0.029365052,0.041664895,0.08372256,-0.021513425,-0.038474403,-0.18024799,0.29846665,0.24567583,0.0,0.5862213917485876,0.55622360584828,0.510973975563743,0.5533846602278994,0.32232554546009207,0.446847485544824,0.2160228529672027,-0.016003091780164996,-1.5193617860200397,0.4879545250599296,0.19203644212971213,0.0,-1.451461875328965,0.2548710950216677,0.5072179581326539
1,141027777.8,708527777.8,147583333.3,1625055556.0,6444444.444,15138888.89,305555.5556,166666.6667,20.83333333,278622658.0,53198950.07,525.0555556,30141.90278,26722222.22,0.764560537,0.02229105,-0.30572549,0.09384411,0.032305297,0.26905745,0.13738793,-0.051057734,-0.029365063,0.041664854,0.083722554,-0.021513425,-0.038474403,-0.18024799,0.29846665,0.24567583,0.0,1.2265441652716336,1.1462352625309562,1.1045602584232652,1.1623387390674351,0.5454209922793858,0.9902485717123483,0.4474759099388382,0.17069964673049962,1.4974760325973695,1.023991171789423,0.19027376053555956,0.0,-1.451461875328965,0.31214828428666525,-0.0021825577486614526
1,2027777.778,20972222.22,4166666.667,38416666.67,861111.1111,666666.6667,27777.77778,27777.77778,14.5,12872818.07,13456811.0,525.0555556,30141.91667,4305555.556,0.666,0.02229105,-0.30572549,0.09384411,0.032305297,0.26905745,0.13738793,-0.051057734,-0.029365063,0.041664854,0.083722554,-0.021513425,-0.038474403,-0.18024799,0.29846665,0.24567583,0.0,-0.5867977461463906,-0.6128551406769992,-0.6456887304428366,-0.6139276281769883,-0.6665299493728409,-0.6849701595262334,-0.709789374169431,-0.7628140452851192,0.20697130004965225,-0.6604171545835555,-0.6751470912146003,0.0,0.5805847488542568,-0.7383674387905098,-0.7357766888618692
1,4250000.0,32444444.44,7222222.222,66666666.67,916666.6667,1000000.0,0.0,27777.77778,9.111111111,18580790.97,13372209.97,525.0555556,30141.90278,4500000.0,0.666,0.02229105,-0.30572549,0.09384411,0.032305297,0.26905745,0.13738793,-0.051057734,-0.029365063,0.041664854,0.083722554,-0.021513425,-0.038474403,-0.18024799,0.29846665,0.24567583,0.0,-0.5578074677938776,-0.583503801942419,-0.6083989011216161,-0.5823013235325556,-0.6544707360124843,-0.6463854670668177,-0.8255159025719256,-0.7628140452851192,-0.8910897449116923,-0.6242381785886733,-0.6769893547956467,0.0,-1.451461875328965,-0.7292551586844296,-0.7357766888618692
1,7472222.222,50944444.44,12250000.0,112222222.2,1027777.778,1583333.333,27777.77778,27777.77778,15.69444444,28047422.92,13349763.82,525.0555556,30141.90278,5138888.889,1.0,0.022291094,-0.30572546,0.09384415,0.032305274,0.26905745,0.13738795,-0.051057775,-0.029365052,0.041664895,0.08372256,-0.021513425,-0.038474403,-0.18024799,0.29846665,0.24567583,0.0,-0.5157715641814291,-0.5361721031506104,-0.5470401819519216,-0.5313011862781077,-0.6303523092700642,-0.5788622552946723,-0.709789374169431,-0.7628140452851192,0.4503559637438507,-0.5642356074357098,-0.6774781399165808,0.0,-1.451461875328965,-0.6993148096908095,1.750212605127178
1,12333333.33,77250000.0,19333333.33,177027777.8,1166666.667,2388888.889,55555.55556,27777.77778,16.44444444,41322060.11,13547837.53,525.0555556,30141.90278,5555555.556,0.750750751,0.022291094,-0.30572546,0.09384415,0.032305274,0.26905745,0.13738795,-0.051057775,-0.029365052,0.041664895,0.08372256,-0.021513425,-0.038474403,-0.18024799,0.29846665,0.24567583,0.0,-0.4523553303195519,-0.4688701230253614,-0.4605955776413276,-0.4587503811787334,-0.6002042758691725,-0.48561591512364655,-0.5940628457669365,-0.7628140452851192,0.6031788926786191,-0.48009666903293924,-0.6731649065872024,0.0,-1.451461875328965,-0.6797884951175278,-0.10496992346207447
1,18472222.22,110972222.2,28444444.44,260111111.1,1194444.444,3416666.667,55555.55556,27777.77778,18.73611111,58414166.5,13376750.07,525.0555556,30141.90278,6444444.444,1.0,0.022291094,-0.30572546,0.09384415,0.032305274,0.26905745,0.13738795,-0.051057775,-0.029365052,0.041664895,0.08372256,-0.021513425,-0.038474403,-0.18024799,0.29846665,0.24567583,0.0,-0.3722696863482311,-0.38259282228153224,-0.3494040865677588,-0.3657373259638399,-0.5941746693626467,-0.3666464466694945,-0.5940628457669365,-0.7628140452851192,1.0701378428807342,-0.3717613777448908,-0.6768904900314197,0.0,-1.451461875328965,-0.6381323574361746,1.750212605127178
1,10333333.33,69027777.78,16666666.67,147111111.1,2611111.111,2500000.0,138888.8889,166666.6667,15.44444444,38982378.61,40003114.43,525.0555556,30141.91667,17583333.33,0.799519808,0.022291094,-0.30572546,0.09384415,0.032305274,0.26905745,0.13738795,-0.051057775,-0.029365052,0.041664895,0.08372256,-0.021513425,-0.038474403,-0.18024799,0.29846665,0.24567583,0.0,-0.47844658083942265,-0.4899064335938131,-0.49313942860985926,-0.4922425445415708,-0.28666472884720334,-0.4727543509820834,-0.24688326055945267,0.17069964673049962,0.39941498743226134,-0.49492632612962423,-0.09707743862886722,0.0,0.5805847488542568,-0.11612888173009543,0.2580221531245771
1,18527777.78,110722222.2,26805555.56,247805555.6,2611111.111,3611111.111,138888.8889,166666.6667,8.263888889,57388885.83,40122774.61,525.0555556,30141.91667,18388888.89,0.799519808,0.022291094,-0.30572546,0.09384415,0.032305274,0.26905745,0.13738795,-0.051057775,-0.029365052,0.041664895,0.08372256,-0.021513425,-0.038474403,-0.18024799,0.29846665,0.24567583,0.0,-0.37154492933136524,-0.3832324398327729,-0.36940499491702505,-0.3795135824970071,-0.28666472884720334,-0.3441387094506974,-0.24688326055945267,0.17069964673049962,-1.0637230534779085,-0.3782599378112757,-0.09447173049841713,0.0,0.5805847488542568,-0.07837800671033736,0.2580221531245771
1,32194444.44,180277777.8,43666666.67,415750000.0,3361111.111,5416666.667,194444.4444,166666.6667,23.97222222,88105967.56,40015440.9,525.0555556,30141.91667,18333333.33,0.833,0.022291094,-0.30572546,0.09384415,0.032305274,0.26905745,0.13738795,-0.051057775,-0.029365052,0.041664895,0.08372256,-0.021513425,-0.038474403,-0.18024799,0.29846665,0.24567583,0.0,-0.1932547175325523,-0.20527662324055143,-0.1636329367297096,-0.19149722278251533,-0.12386534861262727,-0.13513829188984885,-0.015430204004432698,0.17069964673049962,2.1370682909581737,-0.18356515176165872,-0.09680901864906487,0.0,0.5805847488542568,-0.08098151552630624,0.5072179581326539
1,51388888.89,277638888.9,67305555.56,650916666.7,4111111.111,7888888.889,222222.2222,166666.6667,15.09722222,131111380.2,39967596.39,525.0555556,30141.91667,18944444.44,0.777333333,0.022291094,-0.30572546,0.09384415,0.032305274,0.26905745,0.13738795,-0.051057775,-0.029365052,0.041664895,0.08372256,-0.021513425,-0.038474403,-0.18024799,0.29846665,0.24567583,0.0,0.057148811834794436,0.04381887863085458,0.12485474290319946,0.07177543715624482,0.03893403162194881,0.15103151052037883,0.10029632448138494,0.17069964673049962,0.32866363189675163,0.08901704489743424,-0.09785087592108631,0.0,0.5805847488542568,-0.0523429208938073,0.09288640665345212
1,75916666.67,402750000.0,97666666.67,952972222.2,5027777.778,11166666.67,277777.7778,166666.6667,13.70833333,186412936.2,40095916.82,525.0555556,30141.91667,19388888.89,0.727223131,0.022291094,-0.30572546,0.09384415,0.032305274,0.26905745,0.13738795,-0.051057775,-0.029365052,0.041664895,0.08372256,-0.021513425,-0.038474403,-0.18024799,0.29846665,0.24567583,0.0,0.37712900921164455,0.36391192868997363,0.4953800470305897,0.40993122539646987,0.23791105198100818,0.5304476534488944,0.3317493814530203,0.17069964673049962,0.04565820771707298,0.43953616999763323,-0.09505658305144621,0.0,0.5805847488542568,-0.03151485177195177,-0.280087921764597
1,23111111.11,148333333.3,34638888.89,316750000.0,5222222.222,5083333.333,277777.7778,333333.3333,11.77777778,79680088.82,80107011.89,525.0555556,30141.91667,34972222.22,0.750187547,0.022291094,-0.30572546,0.09384415,0.032305274,0.26905745,0.13738795,-0.051057775,-0.029365052,0.041664895,0.08372256,-0.021513425,-0.038474403,-0.18024799,0.29846665,0.24567583,0.0,-0.3117524802668134,-0.2870055327078837,-0.2738074324986491,-0.3023292284391114,0.28011829861201715,-0.17372298443029258,0.3317493814530203,1.2909160764502272,-0.34771933044595676,-0.23697109289187163,0.7762210276968476,0.0,0.5805847488542568,0.6987693125283464,-0.10916189685827736
1,47666666.67,263638888.9,58972222.22,588750000.0,5333333.333,7444444.444,277777.7778,333333.3333,6.736111111,121952639.6,80311984.07,525.0555556,30141.91667,36000000.0,0.727223131,0.022291094,-0.30572546,0.09384415,0.032305274,0.26905745,0.13738795,-0.051057775,-0.029365052,0.041664895,0.08372256,-0.021513425,-0.038474403,-0.18024799,0.29846665,0.24567583,0.0,0.008590095618469648,0.00800029576137788,0.023155208290929416,0.0021789083143647233,0.30423672528931733,0.09958525383837197,0.3317493814530203,1.2909160764502272,-1.3750290198717912,0.030965988573961618,0.7806844814200667,0.0,0.5805847488542568,0.7469342218747164,-0.280087921764597
1,88555555.56,455777777.8,99500000.0,1041861111.0,7027777.778,11333333.33,388888.8889,333333.3333,16.13888889,192423212.9,79811776.69,525.0555556,30141.91667,37416666.67,0.769159741,0.022291094,-0.30572546,0.09384415,0.032305274,0.26905745,0.13738795,-0.051057775,-0.029365052,0.041664895,0.08372256,-0.021513425,-0.038474403,-0.18024799,0.29846665,0.24567583,0.0,0.5420112173725454,0.4995819182266523,0.5177539445867101,0.5094436882882895,0.6720427326065443,0.5497399989088377,0.7946554949796758,1.2909160764502272,0.5409177005409203,0.47763124512525024,0.7697920154637466,0.0,0.5805847488542568,0.8133236915269733,0.032049693463528324
1,145638888.9,724666666.7,156194444.4,1676166667.0,8500000.0,16694444.44,444444.4444,361111.1111,14.04166667,291037652.9,80022450.79,525.0555556,30141.91667,36500000.0,0.833333333,0.022291094,-0.30572546,0.09384415,0.032305274,0.26905745,0.13738795,-0.051057775,-0.029365052,0.041664895,0.08372256,-0.021513425,-0.038474403,-0.18024799,0.29846665,0.24567583,0.0,1.2866989927141619,1.1875261289228085,1.2096497773029398,1.2195584051630604,0.9916118863521051,1.1703104692312165,1.0261085515346955,1.4776188149608915,0.11357951082428469,1.1026814196817505,0.7743796336274941,0.0,0.5805847488542568,0.7703657993439091,0.5096989828911371
1,219416666.7,1070722222.0,229194444.4,2492388889.0,12027777.78,23722222.22,694444.4444,333333.3333,5.652777778,417839570.5,79813875.29,525.0555556,30141.91667,39555555.56,0.83325,0.022291094,-0.30572546,0.09384415,0.032305274,0.26905745,0.13738795,-0.051057775,-0.029365052,0.041664895,0.08372256,-0.021513425,-0.038474403,-0.18024799,0.29846665,0.24567583,0.0,2.2491762344037425,2.072898956419655,2.1005376997937146,2.133331596332186,1.7573719346045165,1.9838044022558134,2.067647307073824,1.2909160764502272,-1.5957732504874238,1.9063929322145903,0.7698377143677813,0.0,0.5805847488542568,0.9135587729750348,0.5090787285622871
1,4916666.667,33333333.33,8194444.444,71000000.0,1277777.778,1250000.0,55555.55556,55555.55556,7.722222222,19257774.39,20128755.43,525.0555556,30141.91667,6861111.111,0.666,0.022291094,-0.30572546,0.09384415,0.032305274,0.26905745,0.13738795,-0.051057775,-0.029365052,0.041664895,0.08372256,-0.021513425,-0.038474403,-0.18024799,0.29846665,0.24567583,0.0,-0.5491103842829054,-0.5812296062018317,-0.5965339554290553,-0.5774500909654599,-0.5760858491918722,-0.6174469477193619,-0.5940628457669365,-0.5761113069088806,-1.174095168887607,-0.6199472389976473,-0.5298594955653021,0.0,0.5805847488542568,-0.6186060428628929,-0.7357766888618692
1,8222222.222,50444444.44,12777777.78,113222222.2,1388888.889,1750000.0,55555.55556,83333.33333,15.04166667,27799334.6,20108859.17,525.0555556,30141.91667,6666666.667,0.666,0.022291094,-0.30572546,0.09384415,0.032305274,0.26905745,0.13738795,-0.051057775,-0.029365052,0.041664895,0.08372256,-0.021513425,-0.038474403,-0.18024799,0.29846665,0.24567583,0.0,-0.5059873452364776,-0.5374513382530918,-0.5405992114045107,-0.5301816710694552,-0.551967422514572,-0.5595699090244505,-0.5940628457669365,-0.3894085685998551,0.31734341607064215,-0.5658080713438496,-0.5302927545362275,0.0,0.5805847488542568,-0.6277183229689731,-0.7357766888618692
1,13138888.89,78305555.56,20333333.33,181833333.3,1555555.556,2611111.111,55555.55556,83333.33333,13.27777778,42028188.75,20049906.07,525.0555556,30141.91667,8305555.556,0.750750751,0.022291094,-0.30572546,0.09384415,0.032305274,0.26905745,0.13738795,-0.051057775,-0.029365052,0.041664895,0.08372256,-0.021513425,-0.038474403,-0.18024799,0.29846665,0.24567583,0.0,-0.44184635435773445,-0.4661695155754188,-0.44839163349761835,-0.4533704887104598,-0.5157897823900887,-0.4598927868405202,-0.5940628457669365,-0.3894085685998551,-0.04207347257642057,-0.4756209976232416,-0.5315765113547886,0.0,0.5805847488542568,-0.5509148190369675,-0.10496992346207447
1,20388888.89,117750000.0,30972222.22,278944444.4,1777777.778,3833333.333,83333.33333,83333.33333,22.94444444,61953500.93,20109043.28,525.0555556,30141.91667,8277777.778,0.600240096,0.022291094,-0.30572546,0.09384415,0.032305274,0.26905745,0.13738795,-0.051057775,-0.029365052,0.041664895,0.08372256,-0.021513425,-0.038474403,-0.18024799,0.29846665,0.24567583,0.0,-0.34726557122320284,-0.36525207972437507,-0.3185552277329295,-0.3446531229048686,-0.4675529290354882,-0.318415581167571,-0.47833631740610344,-0.3894085685998551,1.9276442767799427,-0.34932793287327435,-0.5302887453752527,0.0,0.5805847488542568,-0.5522165733512255,-1.225233028136563
1,29527777.78,168222222.2,44611111.11,403250000.0,1805555.556,5388888.889,83333.33333,83333.33333,7.069444444,87584204.64,20097952.42,525.0555556,30141.91667,9583333.333,0.714408233,0.022291094,-0.30572546,0.09384415,0.032305274,0.26905745,0.13738795,-0.051057775,-0.029365052,0.041664895,0.08372256,-0.021513425,-0.038474403,-0.18024799,0.29846665,0.24567583,0.0,-0.22804305147207588,-0.23612040304742182,-0.15210698953711288,-0.2054911628906714,-0.4615233223118967,-0.13835368295417816,-0.47833631740610344,-0.3894085685998551,-1.3071077181909265,-0.18687225368530308,-0.5305302588350828,0.0,0.5805847488542568,-0.49103412109659056,-0.3754702547932248
1,6416666.667,65138888.89,12694444.44,119833333.3,2611111.111,2027777.778,111111.1111,111111.1111,13.05555556,38967764.56,40080400.28,525.0555556,30141.91667,18055555.56,0.750750751,0.022291094,-0.30572546,0.09384415,0.032305274,0.26905745,0.13738795,-0.051057775,-0.029365052,0.041664895,0.08372256,-0.021513425,-0.038474403,-0.18024799,0.29846665,0.24567583,0.0,-0.5295419463930022,-0.49985603994928834,-0.5416162068311795,-0.5227804316469139,-0.28666472884720334,-0.5274159986126655,-0.36260978904527036,-0.2027058302908295,-0.08735433995613558,-0.4950189546990657,-0.09539446967700912,0.0,0.5805847488542568,-0.09399905820025546,-0.10496992346207447
1,14527777.78,106750000.0,22805555.56,220277777.8,2611111.111,3111111.111,138888.8889,111111.1111,10.65277778,57371496.08,40294292.21,525.0555556,30141.91667,18555555.56,0.600240096,0.022291094,-0.30572546,0.09384415,0.032305274,0.26905745,0.13738795,-0.051057775,-0.029365052,0.041664895,0.08372256,-0.021513425,-0.038474403,-0.18024799,0.29846665,0.24567583,0.0,-0.4237274303711068,-0.3933952519789639,-0.4182207714918621,-0.4103313484045134,-0.28666472884720334,-0.4020157481456088,-0.24688326055945267,-0.2027058302908295,-0.5769537238481088,-0.37837015966390697,-0.0907367803685135,0.0,0.5805847488542568,-0.07056748073106267,-1.225233028136563
1,28194444.44,176250000.0,39694444.44,388111111.1,3333333.333,4916666.667,166666.6667,111111.1111,25.23611111,88161573.97,39799769.22,525.0555556,30141.90278,18277777.78,0.714408233,0.022291094,-0.30572546,0.09384415,0.032305274,0.26905745,0.13738795,-0.051057775,-0.029365052,0.041664895,0.08372256,-0.021513425,-0.038474403,-0.18024799,0.29846665,0.24567583,0.0,-0.2454372185722939,-0.21558157273406137,-0.21210971495102984,-0.22243937925632168,-0.12989495533621878,-0.19301533058476025,-0.13115673207363493,-0.2027058302908295,2.3946032269820576,-0.18321270037343446,-0.10150546361583518,0.0,-1.451461875328965,-0.08358502387364333,-0.3754702547932248
1,47388888.89,273638888.9,63333333.33,623277777.8,4055555.556,7388888.889,222222.2222,111111.1111,9.194444444,131130710.2,40031733.97,525.0555556,30141.91667,18916666.67,0.666666667,0.022291094,-0.30572546,0.09384415,0.032305274,0.26905745,0.13738795,-0.051057775,-0.029365052,0.041664895,0.08372256,-0.021513425,-0.038474403,-0.18024799,0.29846665,0.24567583,0.0,0.004966310795052855,0.033584997811004075,0.07637796468187924,0.04083328068243834,0.02687481839183157,0.09315447182546745,0.10029632448138494,-0.2027058302908295,-0.874109419542417,0.08913956468129325,-0.09645422238376597,0.0,0.5805847488542568,-0.05364467483316012,-0.7308146319018223
1,71916666.67,398694444.4,93694444.44,925305555.6,4611111.111,10694444.44,250000.0,138888.8889,23.06944444,186440206.9,39972555.1,525.0555556,30141.90278,19694444.44,0.6665,0.022291094,-0.30572546,0.09384415,0.032305274,0.26905745,0.13738795,-0.051057775,-0.029365052,0.041664895,0.08372256,-0.021513425,-0.038474403,-0.18024799,0.29846665,0.24567583,0.0,0.32494650817190296,0.35353591052280425,0.44690326880926945,0.37895797136505205,0.14746695177833277,0.4757860048922797,0.2160228529672027,-0.016003091780164996,1.9531147649357372,0.43970902050304894,-0.09774289554730159,0.0,-1.451461875328965,-0.01719555469001811,-0.7320551480026046
1,15138888.89,140388888.9,26694444.44,261750000.0,5222222.222,4111111.111,277777.7778,222222.2222,17.26388889,79659434.43,80065413.61,525.0555556,30141.91667,35638888.89,0.714408233,0.022291094,-0.30572546,0.09384415,0.032305274,0.26905745,0.13738795,-0.051057775,-0.029365052,0.041664895,0.08372256,-0.021513425,-0.038474403,-0.18024799,0.29846665,0.24567583,0.0,-0.4157551038378636,-0.30733115700026586,-0.37076098881924996,-0.3639025649149982,0.28011829861201715,-0.286261670755786,0.3317493814530203,0.5441051230796987,0.7701520939430724,-0.23710200708734694,0.7753151877055595,0.0,0.5805847488542568,0.730011415976814,-0.3754702547932248
1,39694444.44,255694444.4,51027777.78,533694444.4,5277777.778,6472222.222,277777.7778,222222.2222,13.58333333,121944646.3,80191592.35,525.0555556,30141.91667,36166666.67,0.87471868,0.02229105,-0.30572549,0.09384411,0.032305297,0.26905745,0.13738793,-0.051057734,-0.029365063,0.041664854,0.083722554,-0.021513425,-0.038474403,-0.18024799,0.29846665,0.24567583,0.0,-0.0954125280830369,-0.012325328786851334,-0.07379834790763204,-0.05945662350064784,0.2921775120592002,-0.012953432487121523,0.3317493814530203,0.5441051230796987,0.020187719561278294,0.030915324456614497,0.778062843347628,0.0,0.5805847488542568,0.7547447478539913,0.8177335025618606
1,80500000.0,447722222.2,91527777.78,986583333.3,6833333.333,10333333.33,388888.8889,222222.2222,19.77777778,192379540.0,79726488.4,525.0555556,30141.90278,37777777.78,0.714102015,0.02229105,-0.30572549,0.09384411,0.032305297,0.26905745,0.13738793,-0.051057734,-0.029365063,0.041664854,0.083722554,-0.021513425,-0.038474403,-0.18024799,0.29846665,0.24567583,0.0,0.43692145827619633,0.4789720192396324,0.4204613899125924,0.44755937545262814,0.6298354857584695,0.43398592151901494,0.7946554949796758,0.5441051230796987,1.2823919115249032,0.4773544321780957,0.76793478617757,0.0,-1.451461875328965,0.8302464974248756,-0.37774946039090945
1,137777777.8,716750000.0,148277777.8,1621111111.0,8777777.778,15694444.44,472222.2222,250000.0,13.41666667,291034622.0,79841346.47,525.0555556,30141.91667,37638888.89,0.764560537,0.02229105,-0.30572549,0.09384411,0.032305297,0.26905745,0.13738793,-0.051057734,-0.029365063,0.041664854,0.083722554,-0.021513425,-0.038474403,-0.18024799,0.29846665,0.24567583,0.0,1.1841458831768434,1.1672715730482386,1.1130352203121712,1.1579228729002418,1.0519079531538889,1.0545563918413936,1.1418350800205133,0.7308078615903634,-0.013772929954688708,1.1026622088585276,0.7704359240401972,0.0,0.5805847488542568,0.8237377258535852,-0.0021825577486614526
1,211388888.9,1062611111.0,221250000.0,2436805556.0,10055555.56,22750000.0,500000.0,250000.0,6.569444444,417823476.7,80370393.15,525.0555556,30141.91667,38861111.11,0.759961594,0.022291094,-0.30572546,0.09384415,0.032305274,0.26905745,0.13738795,-0.051057775,-0.029365052,0.041664895,0.08372256,-0.021513425,-0.038474403,-0.18024799,0.29846665,0.24567583,0.0,2.144448853554914,2.05214692059701,2.003584144083311,2.0711052096910905,1.3292698611367038,1.8712657161618282,1.2575616085063313,0.7308078615903634,-1.4089896708141054,1.9062909245116688,0.7819563917134337,0.0,0.5805847488542568,0.8810149151185828,-0.03641286631652392
1,2972222.222,31388888.89,6194444.444,57388888.89,1277777.778,1000000.0,55555.55556,27777.77778,11.48611111,19273593.67,20051317.79,525.0555556,30141.91667,6611111.111,1.0,0.022291094,-0.30572546,0.09384415,0.032305274,0.26905745,0.13738795,-0.051057775,-0.029365052,0.041664895,0.08372256,-0.021513425,-0.038474403,-0.18024799,0.29846665,0.24567583,0.0,-0.5744768778511384,-0.586204409366777,-0.6209418437164738,-0.5926879368597636,-0.5760858491918722,-0.6463854670668177,-0.5940628457669365,-0.7628140452851192,-0.40715047015535727,-0.6198469712911596,-0.5315457698810425,0.0,0.5805847488542568,-0.6303218315974892,1.750212605127178
1,6055555.556,48250000.0,10750000.0,98916666.67,1388888.889,1500000.0,55555.55556,55555.55556,15.52777778,27840316.25,20041662.1,525.0555556,30141.91667,6611111.111,0.666,0.022291094,-0.30572546,0.09384415,0.032305274,0.26905745,0.13738795,-0.051057775,-0.029365052,0.041664895,0.08372256,-0.021513425,-0.038474403,-0.18024799,0.29846665,0.24567583,0.0,-0.5342528666243073,-0.5430657589692777,-0.5653460981674855,-0.5461969580535129,-0.551967422514572,-0.5885084283719062,-0.5940628457669365,-0.5761113069088806,0.4163953142278837,-0.5655483164085064,-0.5317560312222681,0.0,0.5805847488542568,-0.6303218315974892,-0.7357766888618692
1,11277777.78,76472222.22,18361111.11,168472222.2,1555555.556,2388888.889,55555.55556,55555.55556,12.30555556,42044875.97,20129171.14,525.0555556,30141.91667,7805555.556,0.750750751,0.022291094,-0.30572546,0.09384415,0.032305274,0.26905745,0.13738795,-0.051057775,-0.029365052,0.041664895,0.08372256,-0.021513425,-0.038474403,-0.18024799,0.29846665,0.24567583,0.0,-0.46612571246589685,-0.4708600443015734,-0.4724605233094806,-0.46832845579140536,-0.5157897823900887,-0.48561591512364655,-0.5940628457669365,-0.5761113069088806,-0.24017726889090366,-0.4755152286326773,-0.5298504431058548,0.0,0.5805847488542568,-0.5743463965061603,-0.10496992346207447
1,18333333.33,115666666.7,28972222.22,264944444.4,1777777.778,3583333.333,83333.33333,55555.55556,15.23611111,61991615.15,20171684.69,525.0555556,30141.91667,8333333.333,0.600240096,0.022291094,-0.30572546,0.09384415,0.032305274,0.26905745,0.13738795,-0.051057775,-0.029365052,0.041664895,0.08372256,-0.021513425,-0.038474403,-0.18024799,0.29846665,0.24567583,0.0,-0.3740815787599395,-0.3705822258994315,-0.34296311602034796,-0.36032633582600343,-0.4675529290354882,-0.34735410051502674,-0.47833631740610344,-0.5761113069088806,0.35696417451848317,-0.34908635263549087,-0.5289246722864452,0.0,0.5805847488542568,-0.5496130647695725,-1.225233028136563
1,27583333.33,166305555.6,42638888.89,389694444.4,1805555.556,5166666.667,83333.33333,55555.55556,15.11111111,87636346.26,20256531.85,525.0555556,30141.91667,9638888.889,0.714408233,0.022291094,-0.30572546,0.09384415,0.032305274,0.26905745,0.13738795,-0.051057775,-0.029365052,0.041664895,0.08372256,-0.021513425,-0.038474403,-0.18024799,0.29846665,0.24567583,0.0,-0.2534095451055371,-0.24102413743636883,-0.1761758793489751,-0.2206668135466058,-0.4615233223118967,-0.16407681123730455,-0.47833631740610344,-0.5761113069088806,0.33149368636268844,-0.18654176325527416,-0.5270770490030973,0.0,0.5805847488542568,-0.4884306124680744,-0.3754702547932248
1,16611111.11,173055555.6,33666666.67,317444444.4,6944444.444,5444444.444,361111.1111,305555.5556,19.48611111,103799327.6,106817349.6,525.0555556,30141.91667,48611111.11,0.600240096,0.022291094,-0.30572546,0.09384415,0.032305274,0.26905745,0.13738795,-0.051057775,-0.029365052,0.041664895,0.08372256,-0.021513425,-0.038474403,-0.18024799,0.29846665,0.24567583,0.0,-0.3965490444563935,-0.2237544635528711,-0.2856723781668021,-0.3015517873717479,0.6539539124357698,-0.13192290094127362,0.6789289664938579,1.1042133386116926,1.2229607718155022,-0.08409556665444724,1.3578626743834463,0.0,0.5805847488542568,1.3379306757678422,-1.225233028136563
1,38361111.11,284138888.9,60638888.89,585638888.9,7000000.0,8361111.111,361111.1111,305555.5556,9.847222222,152953145.3,107034039.8,525.0555556,30141.91667,48777777.78,0.636115657,0.022291094,-0.30572546,0.09384415,0.032305274,0.26905745,0.13738795,-0.051057775,-0.029365052,0.041664895,0.08372256,-0.021513425,-0.038474403,-0.18024799,0.29846665,0.24567583,0.0,-0.11280669505279865,0.060448934963111656,0.04349511523779133,-0.0013040278778928683,0.6660131258829529,0.20569315815096081,0.6789289664938579,1.1042133386116926,-0.7410968702390974,0.2274572072953253,1.3625812985400276,0.0,0.5805847488542568,1.345741201747117,-0.9582082959154523
1,74833333.33,469527777.8,105666666.7,1033277778.0,9055555.556,13166666.67,527777.7778,333333.3333,14.16666667,234894276.8,106296212.6,525.0555556,30141.91667,46222222.22,0.624906227,0.022291094,-0.30572546,0.09384415,0.032305274,0.26905745,0.13738795,-0.051057775,-0.029365052,0.041664895,0.08372256,-0.021513425,-0.038474403,-0.18024799,0.29846665,0.24567583,0.0,0.3629962484264103,0.5347608835448884,0.593011600546382,0.4998345164538606,1.1122040199556722,0.76195580822854,1.373288136992149,1.2909160764502272,0.1390499989800794,0.7468265668681439,1.3465144471120318,0.0,0.5805847488542568,1.2259798055851843,-1.0416409994235947
1,125888888.9,729083333.3,168694444.4,1660083333.0,11361111.11,19805555.56,638888.8889,333333.3333,15.70833333,349624439.3,106516160.8,525.0555556,30141.91667,47916666.67,0.736891977,0.022291094,-0.30572546,0.09384415,0.032305274,0.26905745,0.13738795,-0.051057775,-0.029365052,0.041664895,0.08372256,-0.021513425,-0.038474403,-0.18024799,0.29846665,0.24567583,0.0,1.0290478938304377,1.1988260388241618,1.3621990790993053,1.201552868144223,1.6126613736724515,1.5304342665840347,1.8361942505188042,1.2909160764502272,0.4531860182097879,1.4740233962322882,1.3513040171512702,0.0,0.5805847488542568,1.305386818380022,-0.20812191086271462
1,191416666.7,1062722222.0,249666666.7,2465722222.0,12138888.89,28555555.56,666666.6667,361111.1111,13.27777778,497069201.3,106381094.0,525.0555556,30141.91667,53083333.33,0.73067159,0.022291094,-0.30572546,0.09384415,0.032305274,0.26905745,0.13738795,-0.051057775,-0.029365052,0.041664895,0.08372256,-0.021513425,-0.038474403,-0.18024799,0.29846665,0.24567583,0.0,1.8838987271255514,2.052431194779954,2.3503795572405135,2.103477857061615,1.7814903610647512,2.5432824437449844,1.9519207790046216,1.4776188149608915,-0.04207347257642057,2.408575924498348,1.3483628160022005,0.0,0.5805847488542568,1.5475131185825928,-0.25442075962459637
1,39972222.22,373805555.6,70833333.33,695777777.8,13916666.67,11027777.78,722222.2222,611111.1111,8.402777778,212423965.6,213559811.7,525.0555556,30141.91667,93833333.33,0.6664,0.022291094,-0.30572546,0.09384415,0.032305274,0.26905745,0.13738795,-0.051057775,-0.029365052,0.041664895,0.08372256,-0.021513425,-0.038474403,-0.18024799,0.29846665,0.24567583,0.0,-0.0917887432596201,0.2898584300933763,0.16790754575969857,0.12199813330974356,2.1673851887698183,0.5143706981272478,2.1833738355596415,3.157943460212613,-1.0354225110599407,0.6044024762593152,3.6822758698026017,0.0,0.5805847488542568,3.457186682321806,-0.7327994561744575
1,105472222.2,681333333.3,135694444.4,1421166667.0,14138888.89,17333333.33,750000.0,638888.8889,13.18055556,325156465.8,213838768.1,525.0555556,30141.91667,96138888.89,0.761714286,0.022291094,-0.30572546,0.09384415,0.032305274,0.26905745,0.13738795,-0.051057775,-0.029365052,0.041664895,0.08372256,-0.021513425,-0.038474403,-0.18024799,0.29846665,0.24567583,0.0,0.7626997110052358,1.0766590865371963,0.9594689223569002,0.9340820269566765,2.2156220416902874,1.2442644632477744,2.2991003640454597,3.3446461987232774,-0.06188385180034089,1.3189374766933362,3.6883503965124986,0.0,0.5805847488542568,3.5652322897491424,-0.02336743653310958
1,214444444.4,1193583333.0,243777777.8,2629333333.0,18277777.78,27666666.67,1000000.0,638888.8889,9.25,513012041.6,212515580.9,525.0555556,30141.91667,98250000.0,0.8,0.022291094,-0.30572546,0.09384415,0.032305274,0.26905745,0.13738795,-0.051057775,-0.029365052,0.041664895,0.08372256,-0.021513425,-0.038474403,-0.18024799,0.29846665,0.24567583,0.0,2.1843104855688487,2.387235448261761,2.278511886036404,2.2866429841306446,3.1140334365593176,2.440389930380971,3.340639119584588,3.3446461987232774,-0.8627892024937244,2.5096267960790355,3.6595368041783782,0.0,0.5805847488542568,3.664165616789219,0.2615962614211618
1,366972222.2,1910972222.0,394972222.2,4321527778.0,22250000.0,41944444.44,1166666.667,694444.4444,6.305555556,776023257.9,213083220.5,525.0555556,30141.91667,101250000.0,0.772671485,0.022291094,-0.30572546,0.09384415,0.032305274,0.26905745,0.13738795,-0.051057775,-0.029365052,0.041664895,0.08372256,-0.021513425,-0.038474403,-0.18024799,0.29846665,0.24567583,0.0,4.174130716478341,4.222653546139503,4.123680440333157,4.1810804013053975,3.976267190652667,4.093100923324243,4.034998291332725,3.718051675072477,-1.462760701184104,4.1766768412715285,3.671897667423657,0.0,0.5805847488542568,3.8047550816043754,0.05818789103008673
1,563222222.2,2833055556.0,589611111.1,6496194444.0,30750000.0,60750000.0,1416666.667,694444.4444,14.76388889,1114194807.0,212622605.8,525.0555556,30141.91667,100527777.8,0.774218523,0.022291094,-0.30572546,0.09384415,0.032305274,0.26905745,0.13738795,-0.051057775,-0.029365052,0.041664895,0.08372256,-0.021513425,-0.038474403,-0.18024799,0.29846665,0.24567583,0.0,6.734334673740664,6.581776282671105,6.499042568662388,6.615652807641993,5.821326833311196,6.269920656975095,5.076537046871852,3.718051675072477,0.2607423308271788,6.320117353583895,3.661867367713304,0.0,0.5805847488542568,3.7709094707458344,0.06970262128575808
1,7583333.333,83194444.44,16416666.67,151555555.6,3444444.444,2694444.444,166666.6667,138888.8889,22.36111111,51335479.01,53461543.85,525.0555556,30141.91667,18416666.67,1.0,0.022291094,-0.30572546,0.09384415,0.032305274,0.26905745,0.13738795,-0.051057775,-0.029365052,0.041664895,0.08372256,-0.021513425,-0.038474403,-0.18024799,0.29846665,0.24567583,0.0,-0.5143220502651081,-0.4536614390405657,-0.49619041464578656,-0.48726692132980887,-0.10577652865891851,-0.45024661376328634,-0.13115673207363493,-0.016003091780164996,1.80878199939878,-0.41662838557108156,0.19599197646630298,0.0,0.5805847488542568,-0.0770762523023529,1.750212605127178
1,15750000.0,128138888.9,28555555.56,262222222.2,3694444.444,4083333.333,194444.4444,138888.8889,15.04166667,74126649.26,53360339.44,525.0555556,30141.91667,18972222.22,0.666,0.022291094,-0.30572546,0.09384415,0.032305274,0.26905745,0.13738795,-0.051057775,-0.029365052,0.041664895,0.08372256,-0.021513425,-0.038474403,-0.18024799,0.29846665,0.24567583,0.0,-0.4077827773046205,-0.33867241701105805,-0.3480480926655339,-0.3633739049802348,-0.05151006858072649,-0.28947706182011534,-0.015430204004432698,-0.016003091780164996,0.31734341607064215,-0.2721705866614146,0.1937881593403851,0.0,0.5805847488542568,-0.051041166485823034,-0.7357766888618692
1,29416666.67,203055555.6,48805555.56,446722222.2,4166666.667,6388888.889,194444.4444,138888.8889,11.11111111,112091281.4,53423191.64,525.0555556,30141.91667,21222222.22,0.857632933,0.022291094,-0.30572546,0.09384415,0.032305274,0.26905745,0.13738795,-0.051057775,-0.029365052,0.041664895,0.08372256,-0.021513425,-0.038474403,-0.18024799,0.29846665,0.24567583,0.0,-0.22949256537535132,-0.14700035740399228,-0.10091822375542159,-0.1568233489838512,0.05099324506913183,-0.022599605564355356,-0.015430204004432698,-0.016003091780164996,-0.48356193462274133,-0.03153848505357374,0.19515682257118322,0.0,0.5805847488542568,0.05440093212554454,0.6905628914187305
1,48583333.33,308027777.8,77138888.89,705222222.2,4750000.0,9611111.111,250000.0,166666.6667,7.833333333,165223552.8,53724425.58,525.0555556,30141.91667,21944444.44,0.699879952,0.022291094,-0.30572546,0.09384415,0.032305274,0.26905745,0.13738795,-0.051057775,-0.029365052,0.041664895,0.08372256,-0.021513425,-0.038474403,-0.18024799,0.29846665,0.24567583,0.0,0.020548585353106212,0.12156794544342417,0.2448601936089939,0.13257133245281646,0.17761498517922464,0.3503857548882393,0.2160228529672027,0.17069964673049962,-1.1514547349939854,0.3052310135427104,0.20171646276749172,0.0,0.5805847488542568,0.08824654392134945,-0.48360543750599305
1,73250000.0,443027777.8,113583333.3,1037694444.0,4944444.444,13777777.78,222222.2222,166666.6667,10.56944444,233498969.3,53610395.5,525.0555556,30141.91667,25722222.22,0.75,0.022291094,-0.30572546,0.09384415,0.032305274,0.26905745,0.13738795,-0.051057775,-0.029365052,0.041664895,0.08372256,-0.021513425,-0.038474403,-0.18024799,0.29846665,0.24567583,0.0,0.3423406751416647,0.4669614231133788,0.6896261575371505,0.504779041212399,0.21982223181023364,0.8326944109492604,0.10029632448138494,0.17069964673049962,-0.5939340506437313,0.7379826572294034,0.19923335513242155,0.0,0.5805847488542568,0.2652851293482797,-0.1105578245053426
1,3666666.667,23305555.56,5638888.889,49944444.44,861111.1111,833333.3333,27777.77778,27777.77778,15.68055556,13013510.69,13287588.74,525.0555556,30141.91667,5638888.889,1.0,0.022291094,-0.30572546,0.09384415,0.032305274,0.26905745,0.13738795,-0.051057775,-0.029365052,0.041664895,0.08372256,-0.021513425,-0.038474403,-0.18024799,0.29846665,0.24567583,0.0,-0.5654174158578246,-0.6068853768483633,-0.6277218126784212,-0.6010221056415073,-0.6665299493728409,-0.6656778133023132,-0.709789374169431,-0.7628140452851192,0.44752591131555275,-0.6595253993123215,-0.6788320582498758,0.0,0.5805847488542568,-0.6758832322216167,1.750212605127178
1,6333333.333,37111111.11,9027777.778,83250000.0,861111.1111,1194444.444,27777.77778,55555.55556,11.625,19171340.54,13378544.86,525.0555556,30141.91667,5888888.889,0.666,0.022291094,-0.30572546,0.09384415,0.032305274,0.26905745,0.13738795,-0.051057775,-0.029365052,0.041664895,0.08372256,-0.021513425,-0.038474403,-0.18024799,0.29846665,0.24567583,0.0,-0.5306290818400274,-0.5715642743107318,-0.5863640019678282,-0.5637360296594669,-0.6665299493728409,-0.6238777298480205,-0.709789374169431,-0.5761113069088806,-0.3788499275336254,-0.6204950846582836,-0.6768514068636069,0.0,0.5805847488542568,-0.6641674434870204,-0.7357766888618692
1,10888888.89,60277777.78,14638888.89,139250000.0,1138888.889,1777777.778,55555.55556,55555.55556,15.38888889,29398936.15,13232018.47,525.0555556,30141.90278,5944444.444,0.750750751,0.022291094,-0.30572546,0.09384415,0.032305274,0.26905745,0.13738795,-0.051057775,-0.029365052,0.041664895,0.08372256,-0.021513425,-0.038474403,-0.18024799,0.29846665,0.24567583,0.0,-0.47119901119258906,-0.5122930478872361,-0.517886315372834,-0.5010431779749277,-0.606233882592764,-0.5563545179601213,-0.5940628457669365,-0.5761113069088806,0.3880947716061522,-0.555669280026388,-0.6800421509001653,0.0,-1.451461875328965,-0.6615639349053674,-0.10496992346207447
1,17222222.22,92666666.67,22500000.0,217472222.2,1250000.0,2611111.111,55555.55556,55555.55556,17.18055556,43737331.31,13260889.43,525.0555556,30141.91667,6250000.0,0.600240096,0.02229105,-0.30572549,0.09384411,0.032305297,0.26905745,0.13738793,-0.051057734,-0.029365063,0.041664854,0.083722554,-0.021513425,-0.038474403,-0.18024799,0.29846665,0.24567583,0.0,-0.38857671792315035,-0.429427040690326,-0.4219497544789018,-0.41347221056743355,-0.5821154559154638,-0.4598927868405202,-0.5940628457669365,-0.5761113069088806,0.7531717691850885,-0.4647879000011292,-0.6794134597582507,0.0,0.5805847488542568,-0.6472446375422548,-1.225233028136563
1,25444444.44,134444444.4,32638888.89,318277777.8,1527777.778,3694444.444,83333.33333,55555.55556,13.25,62185984.54,13404889.53,525.0555556,30141.91667,6166666.667,0.799519808,0.02229105,-0.30572549,0.09384411,0.032305297,0.26905745,0.13738793,-0.051057734,-0.029365063,0.041664854,0.083722554,-0.021513425,-0.038474403,-0.18024799,0.29846665,0.24567583,0.0,-0.28131268803711623,-0.32253984113856987,-0.29821532078606755,-0.3006188579565698,-0.5218193891136802,-0.33449253637346354,-0.47833631740610344,-0.5761113069088806,-0.04773358150829457,-0.3478543766576529,-0.6762777279604578,0.0,0.5805847488542568,-0.6511499004381659,0.2580221531245771
1,7944444.444,49750000.0,11694444.44,106638888.9,1722222.222,1666666.667,83333.33333,83333.33333,19.125,26622280.0,26613367.4,525.0555556,30141.91667,11583333.33,0.750750751,0.02229105,-0.30572549,0.09384411,0.032305297,0.26905745,0.13738793,-0.051057734,-0.029365063,0.041664854,0.083722554,-0.021513425,-0.038474403,-0.18024799,0.29846665,0.24567583,0.0,-0.5096111300338032,-0.5392280536618337,-0.5538201509748887,-0.5375518128224336,-0.4796121424826712,-0.5692160821016845,-0.47833631740610344,-0.3894085685998551,1.1493793618140555,-0.5732686236036661,-0.3886512328580004,0.0,0.5805847488542568,-0.3973078113604089,-0.10496992346207447
1,16222222.22,88305555.56,19833333.33,197666666.7,1750000.0,2444444.444,83333.33333,83333.33333,15.31944444,40738410.63,26683038.19,525.0555556,30141.91667,11694444.44,0.750750751,0.022291094,-0.30572546,0.09384415,0.032305274,0.26905745,0.13738795,-0.051057775,-0.029365052,0.041664895,0.08372256,-0.021513425,-0.038474403,-0.18024799,0.29846665,0.24567583,0.0,-0.40162234318308576,-0.44058481352579254,-0.454493605569473,-0.43564483116549446,-0.47358253575907966,-0.479185133110742,-0.47833631740610344,-0.3894085685998551,0.37394449927646667,-0.48379602796408366,-0.3871340886922647,0.0,0.5805847488542568,-0.39210079419710286,-0.10496992346207447
1,29638888.89,152111111.1,33305555.56,348083333.3,2305555.556,3750000.0,111111.1111,83333.33333,15.81944444,64210045.06,26461983.74,525.0555556,30141.91667,12083333.33,0.833,0.022291094,-0.30572546,0.09384415,0.032305274,0.26905745,0.13738795,-0.051057775,-0.029365052,0.041664895,0.08372256,-0.021513425,-0.038474403,-0.18024799,0.29846665,0.24567583,0.0,-0.2265935375688004,-0.27734020076561444,-0.29007935798291495,-0.26725108527198405,-0.3529904021555126,-0.32806175424480494,-0.36260978904527036,-0.3894085685998551,0.4758264518996454,-0.3350252272821769,-0.39194774832103324,0.0,0.5805847488542568,-0.37387623389121605,0.5072179581326539
1,48750000.0,241777777.8,52222222.22,559583333.3,2666666.667,5527777.778,111111.1111,111111.1111,25.36111111,97030809.64,26672848.75,525.0555556,30141.90278,12611111.11,0.857632933,0.022291094,-0.30572546,0.09384415,0.032305274,0.26905745,0.13738795,-0.051057775,-0.029365052,0.041664895,0.08372256,-0.021513425,-0.038474403,-0.18024799,0.29846665,0.24567583,0.0,0.022722856273247553,-0.04793070563534986,-0.059221414679108,-0.030473618641983342,-0.2746055154000203,-0.1222767277482857,-0.36260978904527036,-0.2027058302908295,2.4200737151378524,-0.1269966198104232,-0.38735597292019025,0.0,-1.451461875328965,-0.3491429020140389,0.6905628914187305
1,73277777.78,357111111.1,76527777.78,831555555.6,3555555.556,7861111.111,194444.4444,111111.1111,12.48611111,139358003.6,26590756.44,525.0555556,30141.91667,12888888.89,0.699879952,0.022291094,-0.30572546,0.09384415,0.032305274,0.26905745,0.13738795,-0.051057775,-0.029365052,0.041664895,0.08372256,-0.021513425,-0.038474403,-0.18024799,0.29846665,0.24567583,0.0,0.3427030536500977,0.24714619125172413,0.23740222775695374,0.2740034205538815,-0.08165810176455249,0.14781611945604942,-0.015430204004432698,-0.2027058302908295,-0.20338656490899984,0.14128680778075756,-0.38914360686503663,0.0,0.5805847488542568,-0.33612535887145806,-0.48360543750599305
1,1777777.778,11305555.56,2777777.778,24250000.0,416666.6667,388888.8889,0.0,0.0,15.23611111,6458844.583,6740388.528,525.0555556,30141.90278,2194444.444,0.332,0.022291094,-0.30572546,0.09384415,0.032305274,0.26905745,0.13738795,-0.051057775,-0.029365052,0.041664895,0.08372256,-0.021513425,-0.038474403,-0.18024799,0.29846665,0.24567583,0.0,-0.5900591524613744,-0.6375870193079148,-0.6626386528660111,-0.6297874269699636,-0.7630036561688683,-0.7171240699148677,-0.8255159025719256,-0.9495167836613577,0.35696417451848317,-0.7010709903468588,-0.8214032362649265,0.0,-1.451461875328965,-0.8373007659243134,-3.221765982850917
1,2805555.556,16916666.67,4305555.556,38111111.11,444444.4444,583333.3333,0.0,0.0,11.94444444,9283094.181,6781823.431,525.0555556,30141.90278,2194444.444,1.0,0.022291094,-0.30572546,0.09384415,0.032305274,0.26905745,0.13738795,-0.051057775,-0.029365052,0.041664895,0.08372256,-0.021513425,-0.038474403,-0.18024799,0.29846665,0.24567583,0.0,-0.5766511487190973,-0.623231158716245,-0.6439937381992988,-0.6142697022734966,-0.7569740495103965,-0.694616332649769,-0.8255159025719256,-0.9495167836613577,-0.31375868092998976,-0.6831699841228106,-0.8205009539548754,0.0,-1.451461875328965,-0.8373007659243134,1.750212605127178
1,4583333.333,26361111.11,6833333.333,61388888.89,500000.0,861111.1111,0.0,27777.77778,11.61111111,14031503.42,6672082.292,525.0555556,30141.91667,2555555.556,0.666,0.022291094,-0.30572546,0.09384415,0.032305274,0.26905745,0.13738795,-0.051057775,-0.029365052,0.041664895,0.08372256,-0.021513425,-0.038474403,-0.18024799,0.29846665,0.24567583,0.0,-0.5534589260449143,-0.5990678290140801,-0.6131448794010813,-0.5882098760251537,-0.7449148361500398,-0.6624624222611347,-0.8255159025719256,-0.7628140452851192,-0.3816799819995626,-0.6530730325637626,-0.8228906660390221,0.0,0.5805847488542568,-0.8203779599326845,-0.7357766888618692
1,7027777.778,39555555.56,10388888.89,93833333.33,583333.3333,1250000.0,27777.77778,27777.77778,21.80555556,20709845.14,6707951.653,525.0555556,30141.91667,2555555.556,1.0,0.022291094,-0.30572546,0.09384415,0.032305274,0.26905745,0.13738795,-0.051057775,-0.029365052,0.041664895,0.08372256,-0.021513425,-0.038474403,-0.18024799,0.29846665,0.24567583,0.0,-0.5215696198467136,-0.5653102360177206,-0.5697530779835983,-0.5518878270382931,-0.7268260161312113,-0.6174469477193619,-0.709789374169431,-0.7628140452851192,1.6955798309494918,-0.610743545545087,-0.8221095784157899,0.0,0.5805847488542568,-0.8203779599326845,1.750212605127178
1,10055555.56,56361111.11,14944444.44,135250000.0,583333.3333,1777777.778,27777.77778,27777.77778,14.0,29275458.11,6592343.681,525.0555556,30141.91667,3138888.889,1.0,0.022291094,-0.30572546,0.09384415,0.032305274,0.26905745,0.13738795,-0.051057775,-0.029365052,0.041664895,0.08372256,-0.021513425,-0.038474403,-0.18024799,0.29846665,0.24567583,0.0,-0.48207036553238314,-0.5223137228652013,-0.5141573325078337,-0.5055212388095376,-0.7268260161312113,-0.5563545179601213,-0.709789374169431,-0.7628140452851192,0.10508934742647352,-0.5564519237290333,-0.8246270460694841,0.0,0.5805847488542568,-0.7930411195675808,1.750212605127178
1,2250000.0,21861111.11,4305555.556,40472222.22,861111.1111,666666.6667,27777.77778,27777.77778,18.70833333,13045972.38,13357888.68,525.0555556,30141.91667,5750000.0,0.498498498,0.022291094,-0.30572546,0.09384415,0.032305274,0.26905745,0.13738795,-0.051057775,-0.029365052,0.041664895,0.08372256,-0.021513425,-0.038474403,-0.18024799,0.29846665,0.24567583,0.0,-0.5838987183137483,-0.6105809449364119,-0.6439937381992988,-0.6116264024765332,-0.6665299493728409,-0.6849701595262334,-0.709789374169431,-0.7628140452851192,1.0644777339488598,-0.6593196466355238,-0.6773012137765669,0.0,0.5805847488542568,-0.6706762150114476,-1.9825040562243994
1,5111111.111,35916666.67,7694444.444,74472222.22,861111.1111,1027777.778,27777.77778,27777.77778,9.680555556,19174145.72,13323028.07,525.0555556,30141.90278,5861111.111,0.666,0.022291094,-0.30572546,0.09384415,0.032305274,0.26905745,0.13738795,-0.051057775,-0.029365052,0.041664895,0.08372256,-0.021513425,-0.038474403,-0.18024799,0.29846665,0.24567583,0.0,-0.5465737349326049,-0.5746202248219551,-0.6026359275009099,-0.5735628853823487,-0.6665299493728409,-0.6431700760024883,-0.709789374169431,-0.7628140452851192,-0.7750575209776477,-0.6204773045213314,-0.6780603349387568,0.0,-1.451461875328965,-0.6654691978012784,-0.7357766888618692
1,9555555.556,58972222.22,13305555.56,130083333.3,1111111.111,1611111.111,55555.55556,27777.77778,4.305555556,29436712.22,13251835.6,525.0555556,30141.90278,5638888.889,1.0,0.022291094,-0.30572546,0.09384415,0.032305274,0.26905745,0.13738795,-0.051057775,-0.029365052,0.041664895,0.08372256,-0.021513425,-0.038474403,-0.18024799,0.29846665,0.24567583,0.0,-0.48859317821453335,-0.5156332728884194,-0.5341582408570998,-0.511305400758226,-0.6122634893163555,-0.5756468642303431,-0.5940628457669365,-0.7628140452851192,-1.8702885116768189,-0.5554298430925316,-0.6796106150562179,0.0,-1.451461875328965,-0.6758832322216167,1.750212605127178
1,16000000.0,91500000.0,21194444.44,208722222.2,1250000.0,2444444.444,55555.55556,27777.77778,13.41666667,43756444.24,13285598.47,525.0555556,30141.91667,6166666.667,0.750750751,0.022291094,-0.30572546,0.09384415,0.032305274,0.26905745,0.13738795,-0.051057775,-0.029365052,0.041664895,0.08372256,-0.021513425,-0.038474403,-0.18024799,0.29846665,0.24567583,0.0,-0.40452137098963664,-0.432411922604644,-0.43788268160965077,-0.4232679686431428,-0.5821154559154638,-0.479185133110742,-0.5940628457669365,-0.7628140452851192,-0.013772929954688708,-0.4646667560770469,-0.6788753981706481,0.0,0.5805847488542568,-0.6511499004381659,-0.10496992346207447
1,24277777.78,133305555.6,31333333.33,309638888.9,1666666.667,3527777.778,83333.33333,27777.77778,3.847222222,62203809.68,13375100.53,525.0555556,30141.90278,6388888.889,1.0,0.022291094,-0.30572546,0.09384415,0.032305274,0.26905745,0.13738795,-0.051057775,-0.029365052,0.041664895,0.08372256,-0.021513425,-0.038474403,-0.18024799,0.29846665,0.24567583,0.0,-0.2965325840867367,-0.3254536542001355,-0.3141482479168166,-0.31029022546597895,-0.4916713557127884,-0.35378488252793133,-0.47833631740610344,-0.7628140452851192,-1.9636803017172422,-0.34774139516256464,-0.6769264102497371,0.0,-1.451461875328965,-0.6407358660178275,1.750212605127178
1,5250000.0,47055555.56,9055555.556,88222222.22,1722222.222,1333333.333,83333.33333,55555.55556,21.18055556,26585128.22,26766810.6,525.0555556,30141.91667,11888888.89,0.666,0.022291094,-0.30572546,0.09384415,0.032305274,0.26905745,0.13738795,-0.051057775,-0.029365052,0.041664895,0.08372256,-0.021513425,-0.038474403,-0.18024799,0.29846665,0.24567583,0.0,-0.5447618425339421,-0.5461217094805009,-0.5860250035166799,-0.558169551263377,-0.4796121424826712,-0.607800774642128,-0.47833631740610344,-0.5761113069088806,1.5682273901705184,-0.5735041035858481,-0.3853098690575925,0.0,0.5805847488542568,-0.38298851380984367,-0.7357766888618692
1,13583333.33,85666666.67,17166666.67,179333333.3,1750000.0,2138888.889,83333.33333,55555.55556,13.33333333,40702451.38,26724090.72,525.0555556,30141.90278,11861111.11,0.600240096,0.022291094,-0.30572546,0.09384415,0.032305274,0.26905745,0.13738795,-0.051057775,-0.029365052,0.041664895,0.08372256,-0.021513425,-0.038474403,-0.18024799,0.29846665,0.24567583,0.0,-0.43604829874463263,-0.4473363321250644,-0.4870374565380046,-0.456169276732091,-0.47358253575907966,-0.5145544344711023,-0.47833631740610344,-0.5761113069088806,-0.03075325675031107,-0.48402394930592185,-0.38624013289847814,0.0,-1.451461875328965,-0.38429026821782813,-1.225233028136563
1,26972222.22,149416666.7,30666666.67,329638888.9,2222222.222,3416666.667,111111.1111,55555.55556,16.48611111,64141582.83,26628645.38,525.0555556,30141.91667,12305555.56,0.799519808,0.022291094,-0.30572546,0.09384415,0.032305274,0.26905745,0.13738795,-0.051057775,-0.029365052,0.041664895,0.08372256,-0.021513425,-0.038474403,-0.18024799,0.29846665,0.24567583,0.0,-0.26138187163878024,-0.2842338564819429,-0.3222842105979298,-0.28789992129292924,-0.37107922232628715,-0.3666464466694945,-0.36260978904527036,-0.5761113069088806,0.61166905607643,-0.3354591630101699,-0.3883185410911749,0.0,0.5805847488542568,-0.3634621990959725,0.2580221531245771
1,46055555.56,239111111.1,49555555.56,541166666.7,2833333.333,5194444.444,138888.8889,55555.55556,4.319444444,97086100.24,26672454.13,525.0555556,30141.91667,12083333.33,0.555333333,0.022291094,-0.30572546,0.09384415,0.032305274,0.26905745,0.13738795,-0.051057775,-0.029365052,0.041664895,0.08372256,-0.021513425,-0.038474403,-0.18024799,0.29846665,0.24567583,0.0,-0.012427856174708898,-0.054753292933865924,-0.09176526564763965,-0.051091356993365505,-0.23842787549260283,-0.16086142028872932,-0.24688326055945267,-0.5761113069088806,-1.8674584576184097,-0.12664617012798998,-0.38736456612590364,0.0,0.5805847488542568,-0.37387623389121605,-1.559477734860226
1,70611111.11,354388888.9,73888888.89,813083333.3,3333333.333,7555555.556,166666.6667,83333.33333,11.27777778,139338820.7,26663306.61,525.0555556,30141.91667,13138888.89,0.777333333,0.022291094,-0.30572546,0.09384415,0.032305274,0.26905745,0.13738795,-0.051057775,-0.029365052,0.041664895,0.08372256,-0.021513425,-0.038474403,-0.18024799,0.29846665,0.24567583,0.0,0.30791471958011785,0.2401814668617362,0.20519737514193884,0.2533234867514218,-0.12989495533621878,0.11244681809568921,-0.13115673207363493,-0.3894085685998551,-0.4496012830691355,0.14116522036421386,-0.387563761607955,0.0,0.5805847488542568,-0.32440957013686167,0.09288640665345212
1,1277777.778,10833333.33,2138888.889,20166666.67,416666.6667,305555.5556,0.0,0.0,12.20833333,6478693.278,6722623.153,525.0555556,30141.91667,2083333.333,0.498498498,0.022291094,-0.30572546,0.09384415,0.032305274,0.26905745,0.13738795,-0.051057775,-0.029365052,0.041664895,0.08372256,-0.021513425,-0.038474403,-0.18024799,0.29846665,0.24567583,0.0,-0.5965819650913421,-0.6387951858134908,-0.6704356171814035,-0.6343587807348962,-0.7630036561688683,-0.7267702430268278,-0.8255159025719256,-0.9495167836613577,-0.2599876501524632,-0.7009451829065441,-0.8217900932968815,0.0,0.5805847488542568,-0.8425077831344825,-1.9825040562243994
1,2166666.667,16277777.78,3638888.889,33527777.78,444444.4444,500000.0,0.0,0.0,13.47222222,9287385.375,6729215.083,525.0555556,30141.90278,2166666.667,1.0,0.022291094,-0.30572546,0.09384415,0.032305274,0.26905745,0.13738795,-0.051057775,-0.029365052,0.041664895,0.08372256,-0.021513425,-0.038474403,-0.18024799,0.29846665,0.24567583,0.0,-0.5849858537477277,-0.6248657369055917,-0.6521297009658397,-0.6194008136427555,-0.7569740495103965,-0.704262505761729,-0.8255159025719256,-0.9495167836613577,-0.0024527141285792062,-0.6831427851491232,-0.8216465480874696,0.0,-1.451461875328965,-0.8386025201917082,1.750212605127178
1,3888888.889,25666666.67,6166666.667,56694444.44,500000.0,777777.7778,0.0,0.0,9.25,14047894.49,6659738.306,525.0555556,30141.90278,2555555.556,1.0,0.022291094,-0.30572546,0.09384415,0.032305274,0.26905745,0.13738795,-0.051057775,-0.029365052,0.041664895,0.08372256,-0.021513425,-0.038474403,-0.18024799,0.29846665,0.24567583,0.0,-0.5625183880251825,-0.600844544422822,-0.6212808421554181,-0.593465377983103,-0.7449148361500398,-0.6721085953730948,-0.8255159025719256,-0.9495167836613577,-0.8627892024937244,-0.652969140667559,-0.8231594674454913,0.0,-1.451461875328965,-0.8203779599326845,1.750212605127178
1,6250000.0,38750000.0,9722222.222,88888888.89,583333.3333,1166666.667,27777.77778,0.0,12.77777778,20695062.33,6704824.375,525.0555556,30141.90278,2555555.556,1.0,0.022291094,-0.30572546,0.09384415,0.032305274,0.26905745,0.13738795,-0.051057775,-0.029365052,0.041664895,0.08372256,-0.021513425,-0.038474403,-0.18024799,0.29846665,0.24567583,0.0,-0.5317162172740068,-0.5673712259164225,-0.5778890407623432,-0.5574232077872103,-0.7268260161312113,-0.6270931207965958,-0.709789374169431,-0.9495167836613577,-0.1439554251995993,-0.6108372437699204,-0.8221776777092288,0.0,-1.451461875328965,-0.8203779599326845,1.750212605127178
1,9305555.556,55611111.11,14250000.0,130444444.4,583333.3333,1694444.444,27777.77778,0.0,23.75,29214884.46,6754834.958,525.0555556,30141.88889,3222222.222,0.666,0.022291094,-0.30572546,0.09384415,0.032305274,0.26905745,0.13738795,-0.051057775,-0.029365052,0.041664895,0.08372256,-0.021513425,-0.038474403,-0.18024799,0.29846665,0.24567583,0.0,-0.4918545845295172,-0.5242325755189232,-0.5226322936645031,-0.5109011313897628,-0.7268260161312113,-0.5660006911531091,-0.709789374169431,-0.9495167836613577,2.0917874235784586,-0.5568358590888652,-0.8210886522478628,0.0,-3.4835085000444073,-0.7891358566716696,-0.7357766888618692
