machine,emb_1,emb_2,emb_3,emb_4,emb_5,emb_6,emb_7,emb_8,emb_9,emb_10,core,Basic_DAXPY,Basic_DAXPY_ATOMIC,Basic_IF_QUAD,Basic_INDEXLIST,Basic_INDEXLIST_3LOOP,Basic_INIT3,Basic_INIT_VIEW1D,Basic_INIT_VIEW1D_OFFSET,Basic_MAT_MAT_SHARED,Basic_MULADDSUB,Basic_NESTED_INIT,Basic_PI_ATOMIC,Basic_PI_REDUCE,Basic_REDUCE3_INT,Basic_REDUCE_STRUCT,Basic_TRAP_INT,Lcals_DIFF_PREDICT,Lcals_EOS,Lcals_FIRST_DIFF,Lcals_FIRST_MIN,Lcals_FIRST_SUM,Lcals_GEN_LIN_RECUR,Lcals_HYDRO_1D,Lcals_HYDRO_2D,Lcals_INT_PREDICT,Lcals_PLANCKIAN,Lcals_TRIDIAG_ELIM,Polybench_2MM,Polybench_3MM,Polybench_ADI,Polybench_ATAX,Polybench_FDTD_2D,Polybench_FLOYD_WARSHALL,Polybench_GEMM,Polybench_GEMVER,Polybench_GESUMMV,Polybench_HEAT_3D,Polybench_JACOBI_1D,Polybench_JACOBI_2D,Polybench_MVT,Stream_ADD,Stream_COPY,Stream_DOT,Stream_MUL,Stream_TRIAD,Apps_CONVECTION3DPA,Apps_DEL_DOT_VEC_2D,Apps_DIFFUSION3DPA,Apps_ENERGY,Apps_FIR,Apps_HALOEXCHANGE,Apps_HALOEXCHANGE_FUSED,Apps_LTIMES,Apps_LTIMES_NOVIEW,Apps_MASS3DPA,Apps_NODAL_ACCUMULATION_3D,Apps_PRESSURE,Apps_VOL3D,Algorithm_SCAN,Algorithm_SORT,Algorithm_SORTPAIRS,Algorithm_REDUCE_SUM,Algorithm_MEMSET,Algorithm_MEMCPY
boraxo,0,1.1345935,0.10973035,0.66327906,0,0.83753484,1.0752218,0,0.9125208,1.1931813,72,0.012025,0.140693,0.021781,0.013051,0.00964,0.060818,0.051598,0.044879,0.062083,0.042321,0.018964,10.75436,0.002435,0.003225,0.00366,0.004392,0.273293,0.038815,0.045834,0.008286,0.046997,0.370829,0.048488,0.135081,0.255779,0.0062,0.075678,0.922148,1.311079,0.01401,0.027259,0.039522,0.27122,0.874343,0.010389,0.005556,0.03945,0.081995,0.126304,0.021405,0.047602,0.040637,0.048018,0.040363,0.047387,0.005671,0.032936,0.020866,0.157126,0.019715,0.084452,0.205996,0.029235,0.032254,0.005477,0.19872,0.081516,0.044916,0.00517,,,0.001477,0.002096,0.002809
boraxo,0,1.1345935,0.10973035,0.66327906,0,0.83753484,1.0752218,0,0.9125208,1.1931813,36,0.023474,0.272459,0.03555,0.025341,0.015437,0.085151,0.064805,0.052059,0.089058,0.05999,0.021917,9.553126,0.003268,0.001933,0.003365,0.00693,0.257985,0.052219,0.093764,0.007617,0.093588,0.39628,0.072247,0.135524,0.244313,0.008854,0.102593,1.855917,2.637941,0.023837,0.047035,0.060194,0.45319,1.752077,0.012892,0.006941,0.074354,0.149845,0.221262,0.041173,0.072158,0.082849,0.092041,0.082679,0.072084,0.010363,0.060806,0.037923,0.176605,0.036344,0.058376,0.077472,0.057469,0.063438,0.009012,0.395034,0.116544,0.10146,0.008154,,,0.001429,0.002392,0.005136
boraxo,0,1.1345935,0.10973035,0.66327906,0,0.83753484,1.0752218,0,0.9125208,1.1931813,32,0.026297,0.304815,0.039685,0.028218,0.016851,0.106425,0.066689,0.05233,0.086209,0.074912,0.022674,8.761786,0.003563,0.001577,0.003198,0.00747,0.250453,0.06055,0.104974,0.00749,0.105038,0.29466,0.080878,0.136522,0.271155,0.010765,0.119999,2.056835,2.91725,0.027052,0.052538,0.067014,0.504365,1.951308,0.013728,0.007897,0.082253,0.169028,0.239996,0.04562,0.080139,0.093393,0.103578,0.09333,0.080416,0.011746,0.06813,0.042605,0.202299,0.040437,0.045747,0.065726,0.063611,0.070239,0.009907,0.443686,0.138506,0.10527,0.008731,,,0.001376,0.002357,0.005588
boraxo,0,1.1345935,0.10973035,0.66327906,0,0.83753484,1.0752218,0,0.9125208,1.1931813,18,0.022013,0.260545,0.035129,0.037533,0.015856,0.098039,0.056216,0.054036,0.085295,0.062556,0.02076,4.660863,0.00319,0.001301,0.002821,0.007073,0.281702,0.052622,0.087475,0.011028,0.08735,0.401458,0.070352,0.136837,0.257331,0.010026,0.100759,0.512251,0.670914,0.038331,0.022709,0.058225,0.43705,0.319799,0.010095,0.007956,0.063203,0.141648,0.211831,0.016569,0.069637,0.079169,0.086109,0.078652,0.069404,0.011785,0.067649,0.043211,0.177777,0.035999,0.029365,0.029084,0.084159,0.084039,0.009547,0.349063,0.120133,0.096834,0.012552,,,0.00171,0.002416,0.004899
boraxo,0,1.1345935,0.10973035,0.66327906,0,0.83753484,1.0752218,0,0.9125208,1.1931813,16,0.025142,0.291951,0.039609,0.042194,0.0176,0.111207,0.060491,0.049242,0.103637,0.078355,0.024249,4.619005,0.003227,0.001297,0.002991,0.007516,0.25753,0.061725,0.099797,0.011969,0.099924,0.394164,0.080722,0.138621,0.269639,0.010983,0.118523,0.549964,0.736581,0.043349,0.023303,0.06576,0.503192,0.366485,0.009815,0.008434,0.070318,0.16183,0.23877,0.017324,0.07892,0.090633,0.099487,0.090014,0.078686,0.013789,0.074473,0.047781,0.203377,0.040279,0.027254,0.023465,0.092883,0.093177,0.010493,0.392454,0.139577,0.106602,0.013921,,,0.001786,0.002179,0.005464
boraxo,0,1.1345935,0.10973035,0.66327906,0,0.83753484,1.0752218,0,0.9125208,1.1931813,8,0.06129,0.566291,0.085824,0.085525,0.03791,0.2989,0.13108,0.129585,0.1808,0.206249,0.05435,3.739255,0.005656,0.001309,0.006329,0.013907,0.338696,0.171371,0.267934,0.022397,0.271846,0.384389,0.229551,0.225748,0.413327,0.025397,0.329273,1.097335,1.472769,0.07964,0.035005,0.1824,1.547142,0.729795,0.008696,0.014886,0.130029,0.406589,0.5902,0.031864,0.22496,0.239108,0.232228,0.235831,0.226597,0.030084,0.14749,0.096277,0.430847,0.080874,0.018235,0.009425,0.185301,0.185499,0.021117,0.783493,0.357465,0.205287,0.028611,,,0.002937,0.005225,0.013197
boraxo,0,1.1345935,0.10973035,0.66327906,0,0.83753484,1.0752218,0,0.9125208,1.1931813,4,0.116132,1.124472,0.145314,0.170085,0.075471,0.450236,0.270958,0.270916,0.345864,0.305054,0.107458,3.902464,0.011133,0.002449,0.012402,0.027642,0.465292,0.279223,0.513563,0.044394,0.522407,0.637047,0.387197,0.399533,0.67198,0.041223,0.537099,2.222182,2.94602,0.158475,0.073673,0.306732,2.982204,1.443753,0.0166,0.029138,0.249582,0.797363,1.145504,0.066859,0.387787,0.468227,0.447129,0.454253,0.384959,0.05725,0.288693,0.192589,0.735417,0.159846,0.022762,0.012885,0.369746,0.371159,0.0412,1.565115,0.597796,0.411112,0.056409,,,0.005846,0.01081,0.026001
catalyst,0,0.9904596,0.3435413,0.8160534,0.1498622,0.53677154,0.69247097,0,1.224569,0.89876086,48,0.022171,0.182248,0.086168,0.017599,0.025223,0.307721,0.098609,0.098534,0.091806,0.2207,0.044713,6.077218,0.01131,0.001966,0.00351,0.021904,0.533857,0.094096,0.084874,0.007766,0.085358,0.703685,0.06882,0.217651,0.479363,0.039527,0.158461,2.166567,3.076132,0.0306,0.053554,0.067316,0.50395,2.005844,0.01667,0.007564,0.079537,0.137631,0.237455,0.046968,0.066775,0.074151,0.072134,0.075278,0.067214,0.013047,0.062525,0.046105,0.492308,0.040495,0.064923,0.068768,0.045221,0.045307,0.011857,0.273663,0.266484,0.086066,0.007355,,,0.001669,0.003176,0.004726
catalyst,0,0.9904596,0.3435413,0.8160534,0.1498622,0.53677154,0.69247097,0,1.224569,0.89876086,24,0.036441,0.348603,0.108124,0.032277,0.044833,0.324251,0.164649,0.164781,0.165859,0.231261,0.075498,4.149126,0.021751,0.001569,0.003938,0.042794,0.550146,0.109114,0.138989,0.010677,0.14027,0.696584,0.115053,0.230751,0.485136,0.076181,0.194487,4.275631,6.152055,0.052733,0.093829,0.098811,0.82941,3.975255,0.029437,0.009612,0.120628,0.228108,0.404218,0.088622,0.113663,0.126447,0.115889,0.123702,0.107775,0.023252,0.118766,0.078499,0.552411,0.07765,0.037282,0.032004,0.088666,0.088611,0.02145,0.543295,0.27541,0.164459,0.013062,,,0.002116,0.004488,0.00734
catalyst,0,0.9904596,0.3435413,0.8160534,0.1498622,0.53677154,0.69247097,0,1.224569,0.89876086,16,0.051345,0.529009,0.162338,0.047488,0.065177,0.447834,0.237247,0.237499,0.224075,0.307033,0.100013,4.592385,0.032268,0.00162,0.004752,0.063747,0.461957,0.191798,0.20316,0.014444,0.203321,0.398351,0.184224,0.307233,0.607427,0.11512,0.406086,6.422493,9.170558,0.081209,0.132492,0.152477,1.224591,5.932532,0.031932,0.012294,0.162157,0.337702,0.589007,0.129442,0.183954,0.178116,0.158332,0.178489,0.184521,0.035324,0.177449,0.113368,0.616888,0.115567,0.033136,0.01962,0.132001,0.132091,0.031994,0.810256,0.464807,0.235692,0.017263,,,0.002537,0.006098,0.010192
catalyst,0,0.9904596,0.3435413,0.8160534,0.1498622,0.53677154,0.69247097,0,1.224569,0.89876086,12,0.037769,0.332691,0.115229,0.048705,0.062435,0.321339,0.158824,0.158824,0.177569,0.223297,0.070719,3.43192,0.021263,0.00147,0.004055,0.042229,0.603608,0.110668,0.142723,0.012274,0.142005,0.678351,0.12408,0.228669,0.520007,0.105443,0.202733,4.268569,6.094687,0.067637,0.09079,0.105777,0.838379,3.989087,0.024204,0.010305,0.124591,0.248256,0.427526,0.087705,0.120002,0.121718,0.116925,0.122596,0.122932,0.025477,0.135286,0.091681,0.498457,0.083309,0.025377,0.01543,0.117273,0.116873,0.022346,0.496154,0.300839,0.16135,0.014526,,,0.00209,0.004353,0.007307
catalyst,0,0.9904596,0.3435413,0.8160534,0.1498622,0.53677154,0.69247097,0,1.224569,0.89876086,8,0.059346,0.498292,0.169574,0.076692,0.094469,0.53267,0.234916,0.233184,0.264928,0.372888,0.100944,3.869591,0.032239,0.001981,0.005684,0.063873,0.515992,0.274262,0.234733,0.017489,0.234859,0.569424,0.288149,0.340901,0.601033,0.15792,0.548795,6.36095,9.124142,0.099308,0.134818,0.236674,1.453509,6.000425,0.033631,0.0146,0.187444,0.400349,0.664983,0.130919,0.282697,0.20339,0.189889,0.206085,0.283812,0.041948,0.20224,0.131154,0.683264,0.124676,0.019323,0.014234,0.175326,0.174114,0.033528,0.744246,0.596719,0.243488,0.021838,,,0.002761,0.006435,0.011696
catalyst,0,0.9904596,0.3435413,0.8160534,0.1498622,0.53677154,0.69247097,0,1.224569,0.89876086,4,0.149625,0.995667,0.325001,0.150499,0.190924,0.772898,0.456486,0.45038,0.482529,0.536231,0.194861,3.148092,0.061566,0.003054,0.012472,0.123427,0.816114,0.447233,0.597062,0.03413,0.596756,0.86102,0.662088,0.590409,0.988141,0.307962,0.944541,12.58636,18.14934,0.178983,0.261421,0.520182,3.747836,11.83335,0.058371,0.03074,0.389314,1.018053,1.495742,0.256929,0.669777,0.536876,0.45767,0.541713,0.670975,0.083492,0.397982,0.255685,1.080042,0.24706,0.016306,0.010892,0.345619,0.344316,0.066094,1.473567,1.005843,0.47896,0.045521,,,0.004629,0.011621,0.029766
quartz,0,1.1023767,0.065957606,0.69155204,0,0.87126017,0.9036198,0,1.1700518,0.78091925,72,0.031251,0.125271,0.035794,0.015229,0.023826,0.055726,0.104924,0.096104,0.054929,0.040911,0.034923,4.3618,0.00359,0.003234,0.00409,0.007745,0.508972,0.035967,0.081734,0.008459,0.081786,0.464545,0.054819,0.250464,0.39817,0.007205,0.065255,0.647505,0.890413,0.016135,0.021847,0.050526,0.423349,0.586453,0.012252,0.006943,0.056101,0.126902,0.165362,0.018334,0.054255,0.074543,0.081023,0.082336,0.054874,0.007045,0.034266,0.023849,0.263612,0.018048,0.091312,0.104295,0.034634,0.034575,0.007019,0.181486,0.07272,0.045117,0.008769,,,0.002471,0.0054,0.005893
quartz,0,1.1023767,0.065957606,0.69155204,0,0.87126017,0.9036198,0,1.1700518,0.78091925,36,0.028987,0.240242,0.064035,0.023581,0.034942,0.086784,0.110214,0.106768,0.079225,0.06304,0.046556,4.334117,0.005687,0.001627,0.004566,0.01396,0.49967,0.046608,0.10434,0.007488,0.118124,0.457612,0.069911,0.247184,0.375076,0.011613,0.085622,1.292751,1.7695,0.026697,0.036676,0.062929,0.58276,1.183104,0.013689,0.006937,0.089104,0.171364,0.259691,0.034757,0.070011,0.091358,0.077509,0.101207,0.070095,0.011273,0.063575,0.042575,0.275058,0.031685,0.059213,0.047917,0.067202,0.067257,0.011194,0.360602,0.105801,0.090523,0.010577,,,0.002481,0.005119,0.007672
quartz,0,1.1023767,0.065957606,0.69155204,0,0.87126017,0.9036198,0,1.1700518,0.78091925,32,0.036709,0.26884,0.071361,0.027025,0.037745,0.089273,0.119474,0.118378,0.082873,0.062772,0.048894,5.058933,0.006044,0.001538,0.004085,0.015413,0.489458,0.048605,0.123847,0.007062,0.11173,0.289279,0.074365,0.236814,0.40628,0.012527,0.093878,1.384203,1.872849,0.030033,0.040651,0.067313,0.642633,1.233055,0.01421,0.007131,0.100879,0.186376,0.277,0.039359,0.074,0.109911,0.100008,0.106874,0.074345,0.012189,0.071097,0.048302,0.341668,0.034782,0.05082,0.040772,0.074564,0.074531,0.012243,0.408114,0.12439,0.100018,0.010882,,,0.002412,0.006171,0.006877
quartz,0,1.1023767,0.065957606,0.69155204,0,0.87126017,0.9036198,0,1.1700518,0.78091925,18,0.034811,0.212781,0.065319,0.034068,0.046685,0.115167,0.111828,0.116119,0.086027,0.083344,0.048831,2.418662,0.005341,0.001606,0.004451,0.01363,0.520234,0.051227,0.101719,0.009809,0.101561,0.452538,0.068825,0.242296,0.394354,0.016166,0.085881,0.637696,0.958023,0.040818,0.02452,0.059762,0.578885,0.73168,0.011545,0.008378,0.084673,0.160002,0.251946,0.021605,0.069239,0.089412,0.083577,0.091557,0.068849,0.013419,0.066563,0.058672,0.28195,0.037066,0.036212,0.02251,0.099099,0.099319,0.011367,0.326071,0.11665,0.091151,0.012251,,,0.002421,0.005491,0.006714
quartz,0,1.1023767,0.065957606,0.69155204,0,0.87126017,0.9036198,0,1.1700518,0.78091925,16,0.033866,0.238833,0.071454,0.038875,0.051063,0.087415,0.121288,0.126538,0.089985,0.061294,0.053787,2.588852,0.005917,0.001611,0.004285,0.015302,0.467552,0.051756,0.131445,0.010617,0.124701,0.411196,0.074769,0.232888,0.401252,0.014937,0.094367,0.545288,0.773464,0.046698,0.028253,0.064257,0.639965,0.509106,0.012352,0.009628,0.091974,0.1819,0.281706,0.02598,0.075053,0.097784,0.088231,0.113294,0.074755,0.014447,0.074723,0.066751,0.336772,0.041038,0.032653,0.017505,0.110194,0.110446,0.012405,0.36626,0.117962,0.102415,0.013367,,,0.002485,0.006257,0.00791
quartz,0,1.1023767,0.065957606,0.69155204,0,0.87126017,0.9036198,0,1.1700518,0.78091925,8,0.05368,0.474671,0.172717,0.072005,0.089277,0.548974,0.212854,0.227654,0.162972,0.384587,0.098125,3.202556,0.011031,0.001281,0.004797,0.029765,0.598025,0.242268,0.209931,0.01836,0.210112,0.430356,0.200284,0.336866,0.626762,0.046717,0.486266,1.107632,1.548385,0.076309,0.042361,0.156155,1.348791,0.992344,0.011292,0.010817,0.146807,0.341984,0.543457,0.039884,0.209721,0.186105,0.154567,0.194131,0.211062,0.038156,0.156644,0.141813,0.730075,0.079578,0.014582,0.007687,0.218458,0.218237,0.02272,0.734248,0.560425,0.207997,0.023003,,,0.002173,0.006346,0.01028
quartz,0,1.1023767,0.065957606,0.69155204,0,0.87126017,0.9036198,0,1.1700518,0.78091925,4,0.0976,0.90486,0.289905,0.138366,0.171746,0.7338,0.402677,0.43121,0.301538,0.507466,0.185913,2.831884,0.020932,0.002264,0.008796,0.057327,0.758423,0.379381,0.388616,0.034977,0.389581,0.704414,0.380736,0.529346,0.886409,0.071466,0.767421,2.0658,2.925616,0.146408,0.08154,0.296658,2.300646,1.956556,0.021471,0.01775,0.272165,0.637312,1.025568,0.076602,0.358019,0.341114,0.266476,0.345145,0.355455,0.071191,0.299492,0.264614,1.057555,0.149611,0.016042,0.011666,0.419501,0.41096,0.042466,1.407937,0.829491,0.400633,0.043945,,,0.003924,0.0123,0.019002
ruby,0,0.6786722,0,0.5709226,0,0.7176184,1.0206352,0,1.0903696,0.84119713,112,0.014241,0.076754,0.014944,0.010052,0.01579,0.03646,0.066107,0.066236,0.036549,0.025368,0.029119,5.528265,0.002467,0.006161,0.006799,0.003358,0.184663,0.024903,0.054328,0.013494,0.054462,0.357419,0.031872,0.077816,0.185368,0.012047,0.046729,0.455813,0.645968,0.011562,0.021588,0.03933,0.316686,0.43176,0.010602,0.00683,0.040461,0.091298,0.130167,0.013367,0.031492,0.045756,0.062964,0.047215,0.031641,0.00465,0.019957,0.01369,0.109586,0.014803,0.162544,0.329771,0.016622,0.018348,0.004757,0.100716,0.046702,0.024943,0.005422,,,0.002008,0.002846,0.003185
ruby,0,0.6786722,0,0.5709226,0,0.7176184,1.0206352,0,1.0903696,0.84119713,56,0.012618,0.112069,0.01729,0.012621,0.016676,0.046372,0.03533,0.035051,0.050487,0.032493,0.01775,3.487145,0.002009,0.002207,0.003079,0.003643,0.185094,0.037667,0.047664,0.006074,0.047688,0.331644,0.054917,0.067179,0.195655,0.016594,0.074323,0.742266,1.052564,0.011976,0.026556,0.043416,0.276182,0.705707,0.01015,0.005753,0.055986,0.081258,0.124076,0.019636,0.055401,0.03956,0.047762,0.041023,0.055673,0.004756,0.028181,0.018803,0.119172,0.019783,0.064247,0.092613,0.024342,0.02637,0.005401,0.159986,0.073925,0.041135,0.004872,,,0.001155,0.001629,0.002832
ruby,0,0.6786722,0,0.5709226,0,0.7176184,1.0206352,0,1.0903696,0.84119713,32,0.022918,0.185954,0.027309,0.021118,0.026514,0.062556,0.038167,0.038175,0.055449,0.044264,0.020526,2.849919,0.002408,0.001289,0.002711,0.005287,0.193779,0.049414,0.09034,0.005627,0.090413,0.220848,0.073332,0.092508,0.256286,0.02678,0.097883,1.279387,1.809766,0.017584,0.040799,0.05782,0.446046,1.215408,0.012344,0.007839,0.051936,0.14712,0.193213,0.032319,0.073441,0.078713,0.086664,0.081358,0.073357,0.007586,0.045055,0.032007,0.191289,0.031883,0.041443,0.045381,0.039867,0.04377,0.007984,0.277342,0.102486,0.059492,0.006951,,,0.001065,0.001717,0.004783
ruby,0,0.6786722,0,0.5709226,0,0.7176184,1.0206352,0,1.0903696,0.84119713,28,0.010297,0.105954,0.016617,0.01785,0.020948,0.045452,0.028235,0.02775,0.050808,0.031821,0.013624,2.766274,0.00169,0.001159,0.002062,0.003432,0.192282,0.036543,0.039655,0.005738,0.039592,0.328759,0.052528,0.080427,0.204921,0.017265,0.071803,0.20468,0.258652,0.018198,0.013934,0.039066,0.234016,0.154379,0.009551,0.007465,0.041262,0.072658,0.110734,0.00732,0.052284,0.034806,0.037354,0.035059,0.053005,0.005469,0.028361,0.021235,0.11866,0.0174,0.032176,0.041365,0.033863,0.033499,0.00538,0.14434,0.073298,0.038243,0.006273,,,0.001048,0.001302,0.002483
ruby,0,0.6786722,0,0.5709226,0,0.7176184,1.0206352,0,1.0903696,0.84119713,16,0.030829,0.182662,0.04054,0.032576,0.039272,0.134772,0.03709,0.034636,0.072295,0.095023,0.019612,2.425022,0.002352,0.000765,0.003228,0.005399,0.203212,0.062279,0.123852,0.007417,0.12362,0.273625,0.091701,0.123939,0.229927,0.030954,0.12215,0.333828,0.422388,0.029703,0.01237,0.070876,0.576024,0.267091,0.00757,0.00753,0.059904,0.196968,0.247969,0.010884,0.090957,0.11218,0.124932,0.111492,0.091095,0.011569,0.051167,0.04002,0.241805,0.028867,0.019823,0.020793,0.058019,0.057761,0.00839,0.251207,0.155928,0.067163,0.010875,,,0.001154,0.001448,0.00639
ruby,0,0.6786722,0,0.5709226,0,0.7176184,1.0206352,0,1.0903696,0.84119713,8,0.044015,0.359782,0.063907,0.057443,0.067713,0.221444,0.108827,0.108828,0.11834,0.153364,0.04384,2.347086,0.003774,0.000856,0.004516,0.009398,0.308227,0.121167,0.183466,0.013869,0.183985,0.267487,0.156808,0.175245,0.359536,0.058442,0.232426,0.628229,0.813237,0.050942,0.021301,0.121094,0.953251,0.48209,0.006148,0.010877,0.085211,0.287723,0.374799,0.020667,0.156062,0.161993,0.174403,0.162402,0.154833,0.022426,0.092244,0.073409,0.372445,0.052627,0.009969,0.007672,0.115337,0.114932,0.015098,0.50052,0.267116,0.131115,0.019164,,,0.002105,0.004318,0.008995
ruby,0,0.6786722,0,0.5709226,0,0.7176184,1.0206352,0,1.0903696,0.84119713,4,0.084574,0.708219,0.114266,0.111018,0.130749,0.36758,0.205929,0.205772,0.225244,0.246085,0.082389,2.484106,0.007315,0.002175,0.00883,0.01837,0.407982,0.226909,0.359544,0.02734,0.362164,0.499733,0.297525,0.304373,0.62409,0.115828,0.434221,1.236909,1.78836,0.101266,0.039793,0.23289,1.895456,0.98654,0.010888,0.020837,0.166653,0.555736,0.744468,0.040135,0.294763,0.318014,0.330477,0.314635,0.293987,0.042587,0.183046,0.142373,0.667183,0.104365,0.012571,0.010498,0.230131,0.229564,0.030434,1.000715,0.500979,0.260409,0.037794,,,0.003905,0.008111,0.017784
mammoth,0,0.7120763,0.21969491,0.6122919,0,0.9574303,0.76222473,0,0.88206065,0.8076701,256,0.029525,0.038237,0.013319,0.009911,0.02244,0.035471,0.132536,0.129162,0.036772,0.023507,0.055122,3.203464,0.003436,0.006447,0.00712,0.004968,0.021017,0.032505,0.114728,0.013596,0.113294,0.239352,0.055657,0.021455,0.037265,0.005099,0.059078,0.105617,0.139695,0.014782,0.017013,0.090648,0.740758,0.085972,0.014809,0.007894,0.109145,0.199889,0.284006,0.009614,0.055573,0.09819,0.112896,0.099466,0.055825,0.009965,0.015472,0.016387,0.025674,0.016828,0.30149,0.180808,0.012679,0.01335,0.009304,0.039845,0.044781,0.022696,0.008532,,,0.004187,0.006495,0.007125
mammoth,0,0.7120763,0.21969491,0.6122919,0,0.9574303,0.76222473,0,0.88206065,0.8076701,128,0.019098,0.038058,0.011839,0.009214,0.017599,0.023376,0.100332,0.083781,0.030937,0.017776,0.034757,2.998919,0.003182,0.003817,0.005058,0.005152,0.021727,0.024748,0.07041,0.008954,0.070597,0.226938,0.038166,0.02144,0.0272,0.004874,0.042656,0.158578,0.215822,0.010211,0.013676,0.055938,0.43866,0.12967,0.012665,0.005738,0.101417,0.111433,0.176412,0.009266,0.037942,0.061438,0.067604,0.062819,0.038705,0.007857,0.015561,0.014734,0.025821,0.015376,0.162672,0.075824,0.014301,0.014747,0.007628,0.065993,0.032916,0.025235,0.006525,,,0.003092,0.004879,0.005147
mammoth,0,0.7120763,0.21969491,0.6122919,0,0.9574303,0.76222473,0,0.88206065,0.8076701,64,0.009558,0.048878,0.00787,0.010374,0.014215,0.014224,0.052021,0.04036,0.037914,0.011152,0.017717,2.251655,0.002115,0.001902,0.00348,0.004086,0.017697,0.015412,0.033592,0.005139,0.033691,0.224962,0.021672,0.017121,0.019093,0.003771,0.024426,0.120893,0.162356,0.010685,0.00716,0.032363,0.212658,0.091502,0.010732,0.003426,0.04981,0.052009,0.084561,0.004522,0.021426,0.029909,0.034751,0.030489,0.022536,0.005079,0.012342,0.010005,0.020323,0.009928,0.075627,0.042369,0.016192,0.015875,0.004929,0.067683,0.020368,0.019534,0.005191,,,0.001853,0.002862,0.003112
mammoth,0,0.7120761,0.2196949,0.61229205,0,0.95743024,0.7622248,0,0.88206065,0.8076701,32,0.01164,0.087722,0.011584,0.017067,0.020827,0.015592,0.061075,0.038004,0.044019,0.013154,0.018795,2.144596,0.002755,0.001362,0.003397,0.007082,0.029768,0.019527,0.035737,0.004604,0.037538,0.188499,0.02318,0.030951,0.025297,0.004699,0.026101,0.207162,0.267088,0.017405,0.00652,0.030717,0.179689,0.148893,0.007356,0.0035,0.04339,0.054236,0.091659,0.005535,0.021522,0.043031,0.03726,0.04171,0.021647,0.006589,0.022582,0.017519,0.04092,0.013042,0.036765,0.020576,0.029719,0.029073,0.006297,0.132437,0.02768,0.03462,0.00543,,,0.001562,0.001695,0.003599
mammoth,0,0.7120761,0.2196949,0.61229205,0,0.95743024,0.7622248,0,0.88206065,0.8076701,16,0.011859,0.170051,0.020777,0.032475,0.039135,0.021561,0.104907,0.059042,0.075402,0.016435,0.030278,2.115919,0.0051,0.001427,0.003675,0.013579,0.184091,0.023332,0.041126,0.005879,0.039474,0.2058,0.028884,0.079613,0.226162,0.008078,0.032659,0.376446,0.4949,0.029875,0.008508,0.027691,0.222217,0.318957,0.008913,0.004834,0.042519,0.066895,0.122979,0.009065,0.024678,0.043487,0.041373,0.034442,0.025011,0.009066,0.043045,0.033392,0.203008,0.020296,0.023308,0.009475,0.056913,0.056622,0.009293,0.263291,0.036196,0.063134,0.008748,,,0.001875,0.00272,0.003975
mammoth,0,0.7120763,0.21969491,0.6122919,0,0.9574303,0.76222473,0,0.88206065,0.8076701,8,0.017333,0.336422,0.07018,0.063502,0.076257,0.208313,0.198323,0.105081,0.137998,0.14691,0.053994,2.071137,0.010225,0.003274,0.004177,0.027025,0.362289,0.065947,0.064675,0.009726,0.061545,0.627796,0.051215,0.219879,0.504579,0.020376,0.12366,0.711206,1.011084,0.057337,0.014171,0.050581,0.382659,0.632867,0.012244,0.007468,0.069233,0.117753,0.218735,0.016662,0.055235,0.055593,0.066326,0.055864,0.054613,0.020532,0.087813,0.091339,0.54102,0.038546,0.015915,0.012026,0.113399,0.112941,0.016627,0.525225,0.22708,0.126794,0.015533,,,0.002437,0.003277,0.005287
mammoth,0,0.7120763,0.21969491,0.6122919,0,0.9574303,0.76222473,0,0.88206065,0.8076701,4,0.059327,0.681779,0.212441,0.129299,0.156085,0.641866,0.393061,0.205073,0.272536,0.448813,0.103282,2.048155,0.01999,0.002021,0.008092,0.05336,0.691134,0.435551,0.243925,0.018328,0.244006,1.355086,0.560639,0.413106,0.925723,0.059252,0.864747,1.211617,1.71068,0.115434,0.029299,0.375885,1.930554,1.096769,0.015946,0.018698,0.143899,0.383366,0.55226,0.037907,0.554112,0.298901,0.304599,0.292133,0.559947,0.05663,0.17615,0.183115,1.048303,0.078287,0.01448,0.014124,0.228967,0.228012,0.033276,1.063727,0.881646,0.255847,0.033359,,,0.003678,0.004542,0.014851
poodle,0.20384157,0.81362784,0.028100617,0.76814103,0,0.9119763,0.5300472,0,1.242669,0.993292,224,0.011384,0.04467,0.009155,0.005512,0.009318,0.01258,0.055938,0.055797,0.010847,0.009229,0.020119,33.47018,0.003371,0.014199,0.014857,0.003808,0.01418,0.012561,0.043788,0.03063,0.043902,0.147439,0.022656,0.010988,0.014967,0.002028,0.022316,0.15082,0.199183,0.008847,0.009708,0.036018,0.261406,0.137826,0.012375,0.00308,0.052593,0.085363,0.1158,0.006867,0.022165,0.039568,0.085874,0.039911,0.022209,0.003165,0.008083,0.005917,0.011889,0.007433,0.154574,1.350844,0.008131,0.008136,0.003915,0.054573,0.018218,0.009798,0.004032,,,0.00283,0.002452,0.002692
poodle,0.20384157,0.81362784,0.028100617,0.76814103,0,0.9119763,0.5300472,0,1.242669,0.993292,112,0.006623,0.071239,0.010219,0.006968,0.005859,0.014082,0.03072,0.030637,0.01298,0.010822,0.012123,12.30024,0.001462,0.003804,0.004192,0.002372,0.020689,0.01022,0.024076,0.009223,0.024073,0.125706,0.014408,0.01627,0.040348,0.002156,0.014393,0.30318,0.398536,0.007005,0.011198,0.022324,0.157733,0.292086,0.012487,0.001961,0.043846,0.046112,0.095899,0.010019,0.012896,0.022087,0.030245,0.022533,0.012955,0.003308,0.011877,0.009416,0.028999,0.008797,0.067586,0.330326,0.013543,0.013532,0.003267,0.104251,0.01858,0.016122,0.003593,,,0.000994,0.001428,0.001694
poodle,0.20384157,0.81362784,0.028100617,0.76814103,0,0.9119763,0.5300472,0,1.242669,0.993292,56,0.005181,0.060686,0.009099,0.009316,0.004315,0.016352,0.022423,0.021784,0.014553,0.014479,0.00877,3.80484,0.000995,0.001756,0.002145,0.001926,0.020948,0.008367,0.018823,0.005851,0.01884,0.113597,0.011342,0.017101,0.040594,0.002348,0.011025,0.077725,0.103115,0.010869,0.00424,0.015454,0.11272,0.078152,0.011141,0.001629,0.032757,0.031226,0.058574,0.002637,0.01001,0.017252,0.019619,0.017074,0.01013,0.003753,0.011298,0.009262,0.028119,0.007996,0.044689,0.114176,0.015033,0.014972,0.002888,0.090771,0.019189,0.015865,0.002796,,,0.000703,0.001046,0.001395
poodle,0.20384157,0.81362784,0.028100617,0.76814103,0,0.9119763,0.5300472,0,1.242669,0.993292,32,0.005169,0.102454,0.014146,0.015543,0.00532,0.029828,0.023653,0.021901,0.018423,0.025784,0.009126,3.361454,0.001258,0.000817,0.001188,0.002832,0.061479,0.013452,0.020195,0.005706,0.020733,0.12433,0.01563,0.052421,0.068311,0.002572,0.021723,0.13456,0.17993,0.019289,0.004095,0.015754,0.124546,0.135537,0.005554,0.001422,0.029354,0.035014,0.073433,0.003109,0.01269,0.018394,0.019406,0.018107,0.01292,0.005761,0.017994,0.015831,0.061873,0.012134,0.024196,0.048305,0.0255,0.02551,0.004052,0.157554,0.037979,0.026506,0.003434,,,0.000478,0.000908,0.001196
poodle,0.20384157,0.81362784,0.028100617,0.76814103,0,0.9119763,0.5300472,0,1.242669,0.993292,16,0.012513,0.203477,0.027594,0.031423,0.009912,0.063606,0.029669,0.029667,0.031723,0.044885,0.014713,2.753545,0.002204,0.000495,0.001498,0.005342,0.305747,0.037561,0.05309,0.008829,0.054809,0.122449,0.050112,0.139376,0.227528,0.006128,0.074401,0.282094,0.37173,0.02694,0.006826,0.035082,0.299817,0.292594,0.004563,0.003312,0.036587,0.074649,0.114275,0.006252,0.048826,0.048233,0.051929,0.047788,0.048664,0.011054,0.035876,0.03738,0.202886,0.022475,0.011454,0.008036,0.049916,0.049923,0.007759,0.314541,0.083817,0.052561,0.006254,,,0.000598,0.00127,0.002895
poodle,0.20384157,0.81362784,0.028100617,0.76814103,0,0.9119763,0.5300472,0,1.242669,0.993292,8,0.039873,0.407684,0.113807,0.065933,0.023058,0.391491,0.067386,0.067358,0.061132,0.274638,0.031876,2.601532,0.004287,0.000586,0.003793,0.010528,0.492415,0.182449,0.172515,0.017005,0.170937,0.437997,0.180745,0.296338,0.528233,0.032581,0.35887,0.499932,0.680532,0.054717,0.013195,0.13812,0.931115,0.494989,0.005758,0.008905,0.07446,0.259909,0.330903,0.011906,0.183313,0.154714,0.143448,0.154982,0.185398,0.025626,0.074972,0.082653,0.504368,0.045581,0.00851,0.006777,0.099656,0.099693,0.015104,0.628844,0.401185,0.105517,0.013519,,,0.001089,0.002722,0.008725
poodle,0.20384157,0.81362784,0.028100617,0.76814103,0,0.9119763,0.5300472,0,1.242669,0.993292,4,0.079496,0.81483,0.163578,0.132207,0.047651,0.579741,0.179134,0.178931,0.11903,0.406381,0.079136,2.666268,0.008455,0.001196,0.008054,0.020967,0.676548,0.292596,0.354473,0.033733,0.369597,0.671615,0.3883,0.415912,0.675058,0.048121,0.573596,0.985616,1.357286,0.109538,0.026025,0.29389,2.067544,0.941672,0.009168,0.016919,0.156216,0.609521,0.726682,0.023353,0.395517,0.312641,0.267868,0.313806,0.396362,0.049787,0.1415,0.159743,0.682227,0.089505,0.009533,0.009126,0.199186,0.199264,0.031198,1.257058,0.608821,0.209461,0.028204,,,0.003096,0.007172,0.017338
ec2-c5n,0.14296944,0.96222556,0.15974034,1.0593157,0,0.8317853,0.8430074,0,1.2889909,0.8763778,72,0.010165,0.093817,0.01944,0.011827,0.014966,0.051578,0.087178,0.063,0.093779,0.036735,0.02752,4.163289,0.003023,0.003214,0.003438,0.005247,0.277921,0.038601,0.039205,0.007093,0.040008,0.265083,0.046789,0.137834,0.197576,0.006359,0.074683,0.620019,0.879969,0.011321,0.020484,0.036192,0.229679,0.585701,0.008029,0.005581,0.035743,0.069105,0.113367,0.014649,0.045847,0.033814,0.04388,0.033536,0.045529,0.007669,0.02391,0.021439,0.083276,0.023251,0.073622,0.159555,0.020547,0.020337,0.006924,0.132083,0.076054,0.037339,0.003993,,,0.001297,0.00183,0.00218
ec2-c5n,0.14296944,0.96222556,0.15974034,1.0593157,0,0.8317853,0.8430074,0,1.2889909,0.8763778,36,0.021865,0.1818,0.031282,0.021879,0.02532,0.079777,0.138172,0.091349,0.124168,0.05657,0.037597,3.738936,0.004598,0.002623,0.003012,0.00925,0.262357,0.047386,0.085753,0.005687,0.085692,0.297339,0.06428,0.093295,0.213015,0.010792,0.093065,1.245028,1.768149,0.017931,0.033605,0.053609,0.423315,1.182286,0.009801,0.007163,0.066433,0.137655,0.192985,0.027899,0.063804,0.077206,0.087172,0.076972,0.063924,0.015229,0.044984,0.041216,0.101706,0.044082,0.046651,0.058769,0.039934,0.039959,0.012976,0.262403,0.10705,0.076987,0.006335,,,0.001425,0.002002,0.004632
ec2-c5n,0.14296944,0.96222556,0.15974034,1.0593157,0,0.8317853,0.8430074,0,1.2889909,0.8763778,32,0.023541,0.20359,0.03517,0.024319,0.028205,0.104555,0.15259,0.098439,0.135864,0.073184,0.040502,3.647958,0.005027,0.002524,0.002966,0.010281,0.256206,0.056081,0.093091,0.005697,0.092992,0.241341,0.072843,0.119866,0.228783,0.011992,0.111279,1.381775,1.950104,0.02044,0.0388,0.060099,0.445042,1.304095,0.010638,0.008168,0.072805,0.150211,0.209168,0.030693,0.071402,0.083912,0.093306,0.08364,0.071794,0.017174,0.050417,0.046306,0.121239,0.049253,0.045068,0.049146,0.044156,0.044156,0.014508,0.29462,0.13167,0.08465,0.006814,,,0.001479,0.00203,0.004942
ec2-c5n,0.14296944,0.96222556,0.15974034,1.0593157,0,0.8317853,0.8430074,0,1.2889909,0.8763778,18,0.020368,0.172658,0.034006,0.031639,0.032658,0.086536,0.131324,0.09194,0.114994,0.059769,0.040077,2.780672,0.004629,0.001894,0.002627,0.008944,0.281268,0.052274,0.080036,0.007781,0.080156,0.296838,0.063473,0.133731,0.210651,0.012792,0.096647,0.365431,0.472717,0.02911,0.017053,0.051338,0.405473,0.286915,0.008728,0.00818,0.059483,0.128618,0.188104,0.011605,0.065285,0.072323,0.080803,0.072421,0.065818,0.01658,0.04984,0.045481,0.105701,0.039869,0.028162,0.023994,0.059135,0.059206,0.012351,0.236367,0.111709,0.072872,0.009075,,,0.002022,0.002026,0.004373
ec2-c5n,0.14296944,0.96222556,0.15974034,1.0593157,0,0.8317853,0.8430074,0,1.2889909,0.8763778,16,0.02254,0.193945,0.03831,0.035645,0.036699,0.109988,0.145909,0.10139,0.136843,0.07727,0.044802,2.711706,0.004862,0.001906,0.002743,0.009856,0.254342,0.061953,0.088799,0.008373,0.088745,0.296469,0.073576,0.121639,0.232184,0.013593,0.113111,0.397075,0.526526,0.032982,0.016513,0.059447,0.448809,0.291939,0.008811,0.008551,0.066223,0.144628,0.208417,0.013169,0.074474,0.080011,0.088878,0.080034,0.072997,0.019205,0.055961,0.051016,0.125885,0.044727,0.02538,0.022181,0.066029,0.065563,0.013789,0.265814,0.13346,0.082092,0.010018,,,0.002166,0.001816,0.00471
ec2-c5n,0.14296944,0.96222556,0.15974034,1.0593157,0,0.8317853,0.8430074,0,1.2889909,0.8763778,8,0.058358,0.387673,0.088776,0.07368,0.07608,0.293339,0.279435,0.190855,0.252771,0.2057,0.084454,2.337751,0.008784,0.002484,0.006321,0.018669,0.342737,0.172408,0.234817,0.014979,0.237403,0.363977,0.22731,0.198174,0.412869,0.028411,0.335187,0.750565,0.986622,0.058235,0.026965,0.178632,1.40694,0.532949,0.007387,0.015279,0.125044,0.382144,0.53299,0.025247,0.220279,0.213862,0.236691,0.209836,0.223742,0.041717,0.108893,0.103888,0.29682,0.09006,0.011263,0.007693,0.129924,0.130828,0.028309,0.530025,0.346287,0.163569,0.022239,,,0.003785,0.004328,0.011711
ec2-c5n,0.14296944,0.96222556,0.15974034,1.0593157,0,0.8317853,0.8430074,0,1.2889909,0.8763778,4,0.115351,0.769229,0.146988,0.146336,0.151841,0.392405,0.557829,0.383893,0.487286,0.272767,0.167022,2.40968,0.017387,0.004737,0.012641,0.037154,0.444396,0.280634,0.457319,0.029749,0.461953,0.559899,0.378602,0.303868,0.666341,0.053158,0.52876,1.479818,1.971733,0.115621,0.04959,0.299802,2.757207,1.298637,0.012802,0.029587,0.249203,0.745922,1.071916,0.046705,0.377919,0.412667,0.45649,0.406844,0.376682,0.08099,0.218357,0.203031,0.46757,0.178758,0.01361,0.010777,0.261498,0.260301,0.05698,1.060098,0.575282,0.324426,0.042902,,,0.007531,0.00855,0.023124
ec2-c6a,0,0.99630255,0,0.6840879,0,0.7393637,0.86803734,0,1.1333209,1.0043992,192,0.011772,0.017421,0.013748,0.006248,0.010109,0.030879,0.059536,0.055304,0.033399,0.023767,0.023938,27.12936,0.003223,0.008032,0.0089,0.00454,0.026004,0.02558,0.044617,0.016021,0.043276,0.206836,0.03092,0.025642,0.041143,0.004855,0.04405,0.101408,0.137332,0.011424,0.008015,0.048418,0.300594,0.088133,0.016336,0.004156,0.044344,0.073007,0.112445,0.005413,0.031328,0.039079,0.062381,0.037745,0.031349,0.004091,0.010287,0.00834,0.028601,0.009917,0.133474,0.455665,0.009199,0.008998,0.003589,0.013925,0.039871,0.013452,0.004017,,,0.002243,0.002561,0.003307
ec2-c6a,0,0.99630255,0,0.6840879,0,0.7393637,0.86803734,0,1.1333209,1.0043992,96,0.014444,0.022781,0.01363,0.008529,0.011714,0.027105,0.058555,0.046872,0.029733,0.021585,0.020375,8.813647,0.003116,0.003688,0.004615,0.005609,0.030467,0.026944,0.050587,0.006904,0.052457,0.198939,0.036268,0.026654,0.03966,0.004795,0.040851,0.17958,0.236682,0.017586,0.008041,0.044033,0.245978,0.152386,0.015752,0.00476,0.094446,0.068882,0.100988,0.007607,0.034368,0.043291,0.052473,0.047243,0.035039,0.005107,0.015129,0.011658,0.030963,0.012548,0.07468,0.091882,0.011353,0.011335,0.004715,0.023528,0.039581,0.021586,0.004001,,,0.001548,0.002042,0.003961
ec2-c6a,0,0.99630255,0,0.6840879,0,0.7393637,0.86803734,0,1.1333209,1.0043992,48,0.012691,0.029788,0.012962,0.010542,0.012508,0.025889,0.041833,0.034915,0.032621,0.019761,0.015572,3.284826,0.003023,0.002123,0.003263,0.005314,0.030729,0.024332,0.038032,0.00381,0.039987,0.193426,0.030835,0.026421,0.037085,0.004883,0.034699,0.079983,0.114886,0.017112,0.00472,0.034819,0.175589,0.074465,0.015107,0.004279,0.053273,0.053697,0.077562,0.003744,0.0288,0.034126,0.039869,0.036717,0.029858,0.005294,0.016395,0.012129,0.029321,0.012195,0.038994,0.026611,0.014872,0.014967,0.00456,0.040283,0.035845,0.022489,0.004149,,,0.001423,0.001531,0.003519
ec2-c6a,0,0.99630255,0,0.6840879,0,0.7393637,0.86803734,0,1.1333209,1.0043992,32,0.017366,0.041431,0.017887,0.015772,0.01812,0.030627,0.052713,0.042579,0.045434,0.024632,0.0182,2.885059,0.00344,0.001984,0.003485,0.007028,0.03557,0.03131,0.046962,0.00354,0.046964,0.232495,0.037498,0.031288,0.045402,0.006153,0.042227,0.116304,0.16514,0.018263,0.005582,0.037319,0.199169,0.10841,0.011777,0.005784,0.061357,0.066378,0.097465,0.004609,0.03393,0.042333,0.048858,0.058528,0.035449,0.006647,0.023009,0.016494,0.037598,0.017111,0.025976,0.02026,0.021168,0.021191,0.005917,0.058659,0.044317,0.031903,0.006086,,,0.001475,0.001578,0.004815
ec2-c6a,0,0.99630255,0,0.6840879,0,0.7393637,0.86803734,0,1.1333209,1.0043992,16,0.020498,0.077886,0.033054,0.030691,0.036738,0.036048,0.09235,0.075675,0.087187,0.029157,0.032174,2.67559,0.004905,0.001928,0.004265,0.012797,0.119066,0.046265,0.055541,0.004458,0.053691,0.234647,0.045919,0.06946,0.142748,0.010297,0.050271,0.226898,0.317796,0.027628,0.008566,0.040987,0.287217,0.21523,0.00852,0.00797,0.053592,0.090393,0.14566,0.007333,0.040362,0.049431,0.063428,0.049348,0.042008,0.011685,0.04413,0.03243,0.055642,0.032228,0.013504,0.010276,0.041384,0.041454,0.010333,0.115164,0.054886,0.061622,0.010049,,,0.002202,0.003636,0.006082
ec2-c6a,0,0.99630255,0,0.6840879,0,0.7393637,0.86803734,0,1.1333209,1.0043992,8,0.019878,0.148227,0.063533,0.057755,0.064848,0.11993,0.172091,0.13304,0.16846,0.087459,0.056601,2.840082,0.008156,0.002267,0.004793,0.023468,0.364289,0.067809,0.07601,0.007222,0.065508,0.552112,0.050474,0.184582,0.426562,0.019846,0.079368,0.435652,0.608943,0.051042,0.014703,0.051215,0.43511,0.411128,0.009177,0.008222,0.084979,0.135836,0.242442,0.01329,0.043998,0.067335,0.106017,0.054299,0.044959,0.023965,0.084458,0.080984,0.22271,0.060766,0.01084,0.009209,0.08003,0.079989,0.018889,0.22284,0.152384,0.118933,0.014896,,,0.003111,0.004165,0.006419
ec2-c6a,0,0.99630255,0,0.6840879,0,0.7393637,0.86803734,0,1.1333209,1.0043992,4,0.050791,0.294397,0.144139,0.106151,0.11793,0.44163,0.338384,0.261284,0.320156,0.310234,0.109567,2.25206,0.015392,0.003456,0.007995,0.04592,0.59013,0.246755,0.182656,0.013611,0.187569,0.607441,0.267852,0.343206,0.791193,0.041769,0.493189,0.868117,1.216961,0.100384,0.026904,0.217382,1.184136,0.833036,0.007483,0.015198,0.163443,0.337432,0.507938,0.025759,0.268538,0.166944,0.223848,0.15856,0.264476,0.059536,0.168839,0.170761,0.496182,0.121611,0.005972,0.004677,0.159549,0.15978,0.03727,0.443042,0.56361,0.237387,0.025367,,,0.005757,0.006502,0.011807
ec2-c6i,0,0.74989873,0.0510565,0.9154041,0,0.6058206,0.7448706,0,1.3161805,0.99867266,128,0.008245,0.055702,0.008865,0.006847,0.010077,0.015117,0.051401,0.050207,0.035444,0.011528,0.020334,2.970918,0.002406,0.003601,0.003371,0.004047,0.038342,0.015514,0.032409,0.006818,0.031838,0.237889,0.018329,0.022819,0.059172,0.003333,0.01843,0.206959,0.251289,0.008532,0.009355,0.023341,0.180964,0.109235,0.005516,0.002464,0.031876,0.057663,0.083443,0.007826,0.016751,0.028956,0.037384,0.028751,0.016778,0.004416,0.013483,0.010461,0.028706,0.012001,0.105651,0.124549,0.012547,0.012528,0.00384,0.197917,0.020828,0.019757,0.002956,,,0.00109,0.001567,0.001698
ec2-c6i,0,0.74989873,0.0510565,0.9154041,0,0.6058206,0.7448706,0,1.3161805,0.99867266,64,0.007778,0.102041,0.018554,0.011015,0.014766,0.04688,0.059999,0.059631,0.057224,0.032916,0.024073,2.735194,0.003001,0.002272,0.002189,0.005577,0.081061,0.036701,0.030205,0.004538,0.030592,0.191111,0.031119,0.041591,0.08806,0.005156,0.066403,0.416798,0.497864,0.010219,0.014385,0.024772,0.178108,0.206526,0.0054,0.002642,0.046525,0.062599,0.103003,0.013307,0.030153,0.027533,0.033005,0.026908,0.029377,0.007447,0.024306,0.019347,0.053347,0.02102,0.052231,0.047847,0.023987,0.023977,0.006541,0.151808,0.063762,0.037244,0.003679,,,0.000953,0.001202,0.001459
ec2-c6i,0,0.74989873,0.0510565,0.9154041,0,0.6058206,0.7448706,0,1.3161805,0.99867266,32,0.006461,0.09116,0.01614,0.016701,0.018053,0.047,0.053817,0.053157,0.053602,0.03305,0.02084,2.401023,0.002773,0.001609,0.00174,0.005311,0.083554,0.036147,0.025415,0.004811,0.025176,0.188659,0.031263,0.042253,0.091689,0.005237,0.065624,0.112607,0.158914,0.015576,0.00487,0.020911,0.153508,0.105486,0.004385,0.002797,0.029765,0.050645,0.084302,0.004124,0.028059,0.022861,0.043969,0.020179,0.026163,0.007273,0.024117,0.018153,0.052734,0.015873,0.034202,0.026003,0.027515,0.027536,0.00561,0.136274,0.06346,0.036095,0.004997,,,0.001214,0.000977,0.001274
ec2-c6i,0,0.74989873,0.0510565,0.9154041,0,0.6058206,0.7448706,0,1.3161805,0.99867266,16,0.034882,0.18066,0.032006,0.033032,0.034549,0.094422,0.092557,0.091979,0.098852,0.064608,0.035545,2.176836,0.003948,0.001278,0.003521,0.009192,0.195619,0.071025,0.100653,0.00751,0.102597,0.131606,0.094239,0.104044,0.220548,0.010738,0.13635,0.221672,0.314129,0.025975,0.008529,0.082,0.506041,0.206711,0.003234,0.008633,0.053931,0.186824,0.253104,0.007876,0.091988,0.085091,0.146494,0.085667,0.091886,0.014564,0.0469,0.04194,0.132009,0.030652,0.012535,0.005271,0.053926,0.053931,0.010834,0.271907,0.134047,0.071746,0.009553,,,0.001863,0.001176,0.004828
ec2-c6i,0,0.74989873,0.0510565,0.9154041,0,0.6058206,0.7448706,0,1.3161805,0.99867266,8,0.061232,0.36076,0.060075,0.066914,0.072999,0.163333,0.180892,0.18041,0.196179,0.114667,0.06945,2.2141,0.007635,0.0022,0.005639,0.018157,0.236393,0.1081,0.249882,0.014491,0.249403,0.226618,0.187556,0.146334,0.313814,0.020829,0.215153,0.445437,0.62803,0.051478,0.017147,0.132895,1.135811,0.414946,0.004883,0.013871,0.086603,0.38999,0.477925,0.015905,0.189914,0.225674,0.246433,0.2253,0.19186,0.029531,0.093294,0.081625,0.217749,0.061074,0.009069,0.00572,0.107681,0.107641,0.021467,0.543645,0.245526,0.143204,0.019952,,,0.003628,0.006259,0.012505
ec2-c6i,0,0.74989873,0.0510565,0.9154041,0,0.6058206,0.7448706,0,1.3161805,0.99867266,4,0.067562,0.721008,0.110187,0.125743,0.133582,0.278029,0.358909,0.355166,0.376122,0.195082,0.137904,2.27525,0.015076,0.004168,0.007545,0.036021,0.303658,0.192426,0.272152,0.028699,0.273246,0.392223,0.232122,0.253239,0.511815,0.040362,0.360251,0.897064,1.259906,0.102576,0.032807,0.181106,1.485503,0.832255,0.00854,0.017452,0.163949,0.445768,0.595316,0.030597,0.231907,0.248609,0.292688,0.247816,0.233343,0.059011,0.186127,0.15884,0.364047,0.122077,0.008967,0.007601,0.215321,0.215212,0.043046,1.087115,0.434432,0.285584,0.035404,,,0.007184,0.007128,0.013638
pascal,0.056424167,0.53631854,0.36128575,0.4918995,0,0.70456475,0.44824964,0,0.74848574,0.6368017,1,0.022186,0.023547,0.015902,0.004008,0.008797,0.037755,0.036113,0.036121,0.011195,0.026438,0.016279,0.127554,0.002725,0.002625,0.008411,0.002906,0.076913,0.032371,0.061652,0.007024,0.06172,0.071748,0.044458,0.032995,0.064168,0.003749,0.059032,0.037521,0.05768,0.064312,0.039603,0.049571,0.35296,0.036089,0.00892,0.076535,0.032223,0.099179,0.134775,0.028559,0.044489,0.055196,0.103835,0.055199,0.044331,,0.010341,,0.051746,0.010791,0.010457,,0.022843,0.023635,,0.024753,0.062764,0.011493,,,,0.002522,0.001452,0.003082
lassen,0,1.0683839,0.13990048,0.61372507,0,0.8193485,0.7325983,0,0.8954072,0.9009876,1,0.015249,0.015322,0.011705,0.003432,0.006585,0.026127,0.026591,0.026581,0.007062,0.01828,0.013202,0.120676,0.001577,0.001411,0.007213,0.001682,0.058322,0.020584,0.043656,0.003399,0.043721,0.048027,0.030563,0.020826,0.04408,0.002597,0.040627,0.011593,0.01645,0.039547,0.042199,0.033095,0.261477,0.007048,0.006887,0.031556,0.018576,0.070155,0.092786,0.027609,0.030403,0.038839,0.072088,0.039084,0.03048,,0.006436,,0.03587,0.003701,0.017543,,0.013331,0.013333,,0.007344,0.043596,0.005176,,,,0.001551,0.001113,0.002204
corona,0,0.7032961,0.136302,0.42935282,0.036501084,0.35955992,0.6162508,0,0.64747524,0.51177156,1,0.016645,0.019877,0.024527,0.006581,0.007968,0.030293,0.033368,0.033437,0.014671,0.023515,0.017908,299.1543,0.088591,0.002123,0.058249,0.087846,0.04666,0.024956,0.043512,0.005047,0.043723,0.057832,0.034122,0.030034,0.049325,0.005318,0.045278,0.029901,0.041785,0.048773,0.059747,0.039036,0.253334,0.02844,0.013882,0.054099,0.028138,0.067885,0.102102,0.05945,0.03379,0.039229,3.23091,0.039371,0.03375,,0.010384,,0.043776,0.012722,0.012581,,0.026978,0.026637,,0.028184,0.049327,0.013608,,,,0.085109,0.00295,0.003451
tioga,0,0.6852815,0.000669149,0.46782663,0.018378261,0.65994734,0.7446179,0,0.75164086,0.83322376,1,0.009941,0.011423,0.008357,0.003344,0.004798,0.016983,0.017084,0.01701,0.008181,0.01271,0.007824,339.0888,0.062283,0.001339,0.050876,0.062256,0.026771,0.014703,0.027095,0.003457,0.027084,0.032864,0.020829,0.019592,0.033937,0.002641,0.027836,0.017439,0.025224,0.061171,0.065622,0.024919,0.165281,0.017019,0.014016,0.071809,0.01751,0.044704,0.062801,0.065047,0.020478,0.024379,2.430047,0.024253,0.020609,,0.006617,,0.025802,0.005523,0.013223,,0.014648,0.014603,,0.011564,0.029547,0.006782,,,,0.060542,0.001339,0.001797
ec2-p3,0.029538468,0.8707754,0.14932741,0.627905,0,0.5936786,0.61028993,0.005363474,0.85304385,0.7407107,1,0.014947,0.015047,0.011433,0.002591,0.006104,0.025524,0.024669,0.024673,0.006013,0.017874,0.012426,0.104217,0.001046,0.001136,0.007117,0.001111,0.055849,0.020362,0.042104,0.004102,0.042128,0.046992,0.029854,0.020593,0.043759,0.002497,0.040477,0.00645,0.009246,0.03504,0.028472,0.032355,0.254284,0.006221,0.006293,0.029121,0.017984,0.067609,0.090101,0.026673,0.029887,0.037635,0.055176,0.037681,0.029939,,0.006352,,0.035405,0.00354,0.009449,,0.011382,0.011363,,0.006729,0.042881,0.004987,,,,0.001049,0.001006,0.002112
ec2-p4d,0,1.025479,0.12231466,0.766206,0,0.48518702,0.64785004,0,1.0436279,0.893866,1,0.007244,0.00327,0.005724,0.001766,0.003564,0.016364,0.010838,0.010816,0.004763,0.011451,0.004848,0.111718,0.001071,0.001113,0.016377,0.001071,0.056556,0.01284,0.023219,0.00345,0.023224,0.02222,0.019794,0.012671,0.025831,0.001569,0.025582,0.004863,0.006871,0.033695,0.014643,0.021647,0.140398,0.004625,0.003984,0.034397,0.009541,0.023658,0.043745,0.013586,0.01967,0.019748,0.045252,0.019256,0.019671,,0.0039,,0.021474,0.002127,0.011635,,0.009268,0.009265,,0.004807,0.026802,0.003014,,,,0.001107,0.000447,0.001105
boraxo,0,1.1345935,0.10973035,0.66327906,0,0.83753484,1.0752218,0,0.9125208,1.1931813,1,0.428987,0.420312,0.559196,0.655448,0.278608,1.623717,1.04501,1.052016,1.265667,1.118899,0.437501,0.043785,0.043818,0.009234,0.047393,0.109378,1.657176,1.008816,1.860806,0.175592,1.863353,2.601325,1.412196,1.706718,2.470407,0.153632,1.943946,8.779241,11.35095,0.598613,0.283253,1.220838,10.92627,5.757841,0.067276,0.108332,0.977083,2.947127,4.300574,0.267602,1.395339,1.671335,1.618309,1.63873,1.380386,0.230291,1.187073,0.833038,2.765347,0.492824,0.036221,0.036198,1.483265,1.484006,0.168401,0.550881,2.238714,1.689615,0.178803,2.335763,2.846453,0.023514,0.04228,0.101839
catalyst,0,0.9904596,0.3435413,0.8160534,0.1498622,0.53677154,0.69247097,0,1.224569,0.89876086,1,0.491893,0.499954,1.140569,0.469758,0.597571,1.790315,1.626551,1.614845,1.725353,1.275777,0.676327,0.221302,0.223707,0.010129,0.041956,0.444012,1.785152,1.135291,1.953553,0.121993,1.985349,2.250605,1.815856,1.98024,2.91271,1.116247,2.693323,45.56332,65.87119,0.616497,0.937618,1.353988,12.60688,42.63316,0.201588,0.105783,1.308933,3.283378,5.044753,0.916058,1.910554,1.80016,1.554902,1.833757,1.943741,0.303586,1.409762,0.9406,3.126006,0.699508,0.025441,0.025678,1.248974,1.245522,0.241351,0.528101,2.774681,1.763573,0.110497,1.628949,1.867714,0.016376,0.04074,0.100133
quartz,0,1.1023767,0.065957606,0.69155204,0,0.87126017,0.9036198,0,1.1700518,0.78091925,1,0.34603,0.345529,0.920538,0.475888,0.555628,2.245596,1.447279,1.635724,1.080305,1.537314,0.646454,0.073369,0.073875,0.007783,0.028808,0.20069,2.007845,1.222614,1.395403,0.120171,1.401646,2.188445,1.295056,1.5761,3.032338,0.206229,2.441377,10.41264,13.7428,0.500692,0.288476,1.123367,8.317259,7.462155,0.068463,0.063355,0.954756,2.28643,3.465528,0.272925,1.286901,1.23231,0.968376,1.253137,1.27983,0.226707,0.952945,0.792499,3.336461,0.467996,0.028261,0.02823,1.431187,1.452036,0.159564,0.538354,2.666671,1.387882,0.099403,1.651874,1.921417,0.013302,0.04365,0.068495
ruby,0,0.6786722,0,0.5709226,0,0.7176184,1.0206352,0,1.0903696,0.84119713,1,0.320378,0.315267,0.407475,0.379011,0.535553,1.334957,0.774008,0.782189,0.847726,0.93115,0.315727,0.026816,0.027579,0.007776,0.033637,0.064533,1.353433,0.853542,1.313793,0.100972,1.311883,1.957471,1.097705,1.184961,2.254296,0.42921,1.596756,5.031454,6.473441,0.361763,0.150965,0.901387,7.489794,3.93013,0.039387,0.078155,0.623884,2.087074,2.760375,0.153825,1.072823,1.160189,1.214833,1.168698,1.059676,0.168952,0.708527,0.556429,2.46431,0.426309,0.027664,0.027797,0.854043,0.85551,0.112851,0.296646,1.891615,0.971668,0.105262,1.487352,1.518336,0.015589,0.030739,0.077259
mammoth,0,0.7120763,0.21969491,0.6122919,0,0.9574303,0.76222473,0,0.88206065,0.8076701,1,0.343475,0.343222,0.312186,0.542221,0.607504,0.743831,1.282325,1.525581,1.186601,0.50083,0.538392,0.078017,0.079454,0.004186,0.034947,0.211054,0.87182,0.555453,1.401883,0.090397,1.423393,1.026055,0.886047,0.908623,1.169917,0.116772,1.110364,6.202818,9.325153,0.463483,0.203419,1.096273,9.942868,5.389608,0.046485,0.083919,0.70439,2.151657,2.797827,0.193319,0.937801,1.253119,1.327401,1.300993,0.972304,0.264385,0.759474,0.874048,1.782011,0.277082,0.015827,0.016493,0.912461,0.916076,0.132892,0.335481,1.303393,1.000441,0.109915,1.852553,2.059271,0.016362,0.030864,0.069206
poodle,0.20384157,0.81362784,0.028100617,0.76814103,0,0.9119763,0.5300472,0,1.242669,0.993292,1,0.311389,0.311639,0.42039,0.515852,0.138689,1.355667,0.707861,0.706667,0.482425,0.957877,0.346126,0.033457,0.033521,0.006203,0.030876,0.083797,1.327839,0.770481,1.349929,0.13397,1.413679,2.002009,1.085319,1.019181,1.803012,0.111503,1.501247,4.243762,5.648618,0.420381,0.10355,0.68575,8.225121,4.355,0.03164,0.066046,0.55842,2.405492,2.831523,0.093902,1.133036,1.196187,1.031607,1.197163,1.115731,0.197393,0.544463,0.626211,2.002117,0.29133,0.021915,0.021852,0.795368,0.793783,0.119239,0.304069,1.717314,0.786819,0.080981,1.755632,1.950884,0.012028,0.028289,0.069957
ec2-c5n,0.14296944,0.96222556,0.15974034,1.0593157,0,0.8317853,0.8430074,0,1.2889909,0.8763778,1,0.421757,0.411727,0.536755,0.431184,0.554394,1.379092,1.476068,1.493411,1.848256,0.969226,0.666784,0.06701,0.06596,0.01457,0.046879,0.143892,1.380087,1.000697,1.680444,0.11588,1.679077,2.269746,1.369651,1.172868,2.389814,0.201241,1.902476,5.790905,7.462829,0.438008,0.208651,1.252208,10.00669,4.353865,0.052793,0.108501,0.966949,2.860464,3.939963,0.192993,1.368684,1.518026,1.651275,1.494925,1.360682,0.29879,0.819926,0.764329,1.703931,0.445341,0.029329,0.029308,1.015871,1.016045,0.216554,0.333015,2.168485,1.231025,0.127406,1.552556,1.852844,0.030402,0.034198,0.085143
ec2-c6a,0,0.99630255,0,0.6840879,0,0.7393637,0.86803734,0,1.1333209,1.0043992,1,0.189927,0.213625,0.484394,0.428106,0.433123,0.516092,1.348183,1.351995,1.244167,0.381497,0.428879,0.063269,0.062311,0.013075,0.022738,0.184959,0.737909,0.522157,0.670182,0.056577,0.750799,0.848362,0.647114,0.692998,0.976256,0.145063,0.762069,3.424274,4.819329,0.375668,0.109489,0.699703,4.13665,3.265318,0.030262,0.064903,0.647048,1.241868,1.977398,0.104822,0.664593,0.545186,0.966257,0.624198,0.585629,0.22369,0.655927,0.655243,0.780573,0.316118,0.011193,0.012121,0.637977,0.782901,0.152388,0.229072,0.927767,0.94653,0.083823,1.601694,1.759791,0.020393,0.013626,0.033077
ec2-c6i,0,0.74989873,0.0510565,0.9154041,0,0.6058206,0.7448706,0,1.3161805,0.99867266,1,0.266425,0.262167,0.419823,0.445063,0.506472,1.02639,1.430043,1.434461,1.473268,0.725422,0.537381,0.059703,0.05936,0.014551,0.030396,0.143347,1.068582,0.761494,1.054808,0.114365,1.047553,1.527788,0.922416,0.951918,1.875616,0.15741,1.411399,3.676331,5.207304,0.385162,0.129139,0.723233,5.96992,3.428249,0.032839,0.07098,0.629874,1.77404,2.353252,0.119798,0.903319,0.951811,1.164629,0.943548,0.903372,0.238034,0.745026,0.671964,1.325969,0.374235,0.019964,0.020128,0.861671,0.860944,0.173057,0.271608,1.668557,1.143594,0.115726,1.578918,1.726564,0.028958,0.027587,0.052986
