emb_col1_1,emb_col1_2,emb_col1_3,emb_col1_4,emb_col1_5,emb_col1_6,emb_col1_7,emb_col1_8,emb_col1_9,emb_col1_10,emb_col2_1,emb_col2_2,emb_col2_3,emb_col2_4,emb_col2_5,ranks,PAPI_BR_INS,PAPI_LD_INS,PAPI_SR_INS,PAPI_TOT_INS,PAPI_L1_LDM,PAPI_L1_STM,PAPI_L2_LDM,PAPI_L2_STM,FP_ARITH:SCALAR_SINGLE,FP_ARITH:SCALAR_DOUBLE,ARITH,IO Bytes Read,IO Bytes Written,PAPI_MEM_WCY,rp
0.0,0.8130445,0.0,0.64450234,0.5166025,0.32323772,0.6530661,0.0,0.0,0.6376402,0.43633375,1.071023,0.8597017,0.0,0.0,1,2426000000.0,3356000000.0,968000000.0,11516000000.0,32000000,12000000,0,0,1556948.0,1461157318.0,1076277724.0,37771,2190229,116000000.0,3.0
0.0,0.8130445,0.0,0.64450234,0.5166025,0.32323772,0.6530661,0.0,0.0,0.6376402,0.43633375,1.071023,0.8597017,0.0,0.0,1,2426000000.0,3356000000.0,968000000.0,11516000000.0,32000000,12000000,0,0,1556449.0,1460442876.0,1077872352.0,37771,2190229,116000000.0,2.666
0.0,0.8130445,0.0,0.64450234,0.5166025,0.32323772,0.6530661,0.0,0.0,0.6376402,0.43633375,1.071023,0.8597017,0.0,0.0,1,2792000000.0,3862000000.0,1114000000.0,13250000000.0,26000000,16000000,0,0,1789740.0,1680159170.0,1238203078.0,37771,2193037,140000000.0,2.252252252
0.0,0.8130445,0.0,0.64450234,0.5166025,0.32323772,0.6530661,0.0,0.0,0.6376402,0.43633375,1.071023,0.8597017,0.0,0.0,1,2792000000.0,3862000000.0,1108000000.0,13250000000.0,38000000,14000000,0,0,1790082.0,1681196754.0,1238368945.0,37771,2193037,136000000.0,2.252252252
0.0,0.8130445,0.0,0.64450234,0.5166025,0.32323772,0.6530661,0.0,0.0,0.6376402,0.43633375,1.071023,0.8597017,0.0,0.0,1,3154000000.0,4360000000.0,1258000000.0,14964000000.0,30000000,16000000,0,0,2021762.0,1896564610.0,1396403653.0,37771,2195719,150000000.0,2.501501502
0.0,0.8130445,0.0,0.64450234,0.5166025,0.32323772,0.6530661,0.0,0.0,0.6376402,0.43633375,1.071023,0.8597017,0.0,0.0,1,3152000000.0,4358000000.0,1258000000.0,14960000000.0,30000000,18000000,0,0,2022435.0,1897379725.0,1397572057.0,37771,2195719,142000000.0,2.501501502
0.0,0.8130445,0.0,0.64450234,0.5166025,0.32323772,0.6530661,0.0,0.0,0.6376402,0.43633375,1.071023,0.8597017,0.0,0.0,1,3434000000.0,4746000000.0,1368000000.0,16294000000.0,36000000,18000000,0,0,2202499.0,2065152466.0,1520600593.0,37771,2197853,170000000.0,2.752252252
0.0,0.8130445,0.0,0.64450234,0.5166025,0.32323772,0.6530661,0.0,0.0,0.6376402,0.43633375,1.071023,0.8597017,0.0,0.0,1,3434000000.0,4746000000.0,1368000000.0,16292000000.0,32000000,20000000,0,0,2202362.0,2065421903.0,1520505953.0,37771,2197855,172000000.0,3.003003003
0.0,0.8130445,0.0,0.64450234,0.5166025,0.32323772,0.6530661,0.0,0.0,0.6376402,0.43633375,1.071023,0.8597017,0.0,0.0,1,3640000000.0,5040000000.0,1452000000.0,17290000000.0,42000000,18000000,2000000,0,2337750.0,2193317921.0,1615712489.0,37771,2199440,180000000.0,3.252252252
0.0,0.8130445,0.0,0.64450234,0.5166025,0.32323772,0.6530661,0.0,0.0,0.6376402,0.43633375,1.071023,0.8597017,0.0,0.0,1,3644000000.0,5036000000.0,1450000000.0,17290000000.0,34000000,18000000,0,0,2338564.0,2191995118.0,1614181110.0,37771,2199439,178000000.0,2.600240096
0.0,0.8130445,0.0,0.64450234,0.5166025,0.32323772,0.6530661,0.0,0.0,0.6376402,0.43633375,1.071023,0.8597017,0.0,0.0,1,3788000000.0,5244000000.0,1512000000.0,17994000000.0,50000000,20000000,0,0,2430175.0,2282039382.0,1680659639.0,37771,2200601,186000000.0,3.252252252
0.0,0.8130445,0.0,0.64450234,0.5166025,0.32323772,0.6530661,0.0,0.0,0.6376402,0.43633375,1.071023,0.8597017,0.0,0.0,1,3792000000.0,5244000000.0,1514000000.0,17998000000.0,44000000,20000000,2000000,0,2431784.0,2282041862.0,1681138751.0,37771,2200600,186000000.0,3.252252252
0.0,0.8130445,0.0,0.64450234,0.5166025,0.32323772,0.6530661,0.0,0.0,0.6376402,0.43633375,1.071023,0.8597017,0.0,0.0,1,8200000000.0,19434000000.0,6256000000.0,59954000000.0,202000000,160000000,6000000,4000000,3259234.0,11407387387.0,8376314544.0,37771,2205834,912000000.0,4.818876159
0.0,0.8130445,0.0,0.64450234,0.5166025,0.32323772,0.6530661,0.0,0.0,0.6376402,0.43633375,1.071023,0.8597017,0.0,0.0,1,8204000000.0,19430000000.0,6256000000.0,59958000000.0,202000000,164000000,6000000,4000000,3259806.0,11407505373.0,8373560008.0,37771,2205834,916000000.0,4.818876159
0.0,0.8130445,0.0,0.64450234,0.5166025,0.32323772,0.6530661,0.0,0.0,0.6376402,0.43633375,1.071023,0.8597017,0.0,0.0,1,9346000000.0,22146000000.0,7130000000.0,68328000000.0,176000000,186000000,8000000,6000000,3713148.0,13003334800.0,9548958313.0,37771,2210655,1052000000.0,4.214744964
0.0,0.8130445,0.0,0.64450234,0.5166025,0.32323772,0.6530661,0.0,0.0,0.6376402,0.43633375,1.071023,0.8597017,0.0,0.0,1,9346000000.0,22142000000.0,7130000000.0,68326000000.0,232000000,186000000,8000000,6000000,3713446.0,13005317291.0,9545360358.0,37771,2210655,1064000000.0,4.539704524
0.0,0.8130445,0.0,0.64450234,0.5166025,0.32323772,0.6530661,0.0,0.0,0.6376402,0.43633375,1.071023,0.8597017,0.0,0.0,1,10432000000.0,24720000000.0,7958000000.0,76272000000.0,208000000,204000000,10000000,6000000,4145484.0,14515349497.0,10651864773.0,37771,2215167,1178000000.0,4.786112302
0.0,0.8130445,0.0,0.64450234,0.5166025,0.32323772,0.6530661,0.0,0.0,0.6376402,0.43633375,1.071023,0.8597017,0.0,0.0,1,10434000000.0,24722000000.0,7956000000.0,76272000000.0,194000000,208000000,8000000,6000000,4145256.0,14515482284.0,10663130064.0,37771,2215168,1158000000.0,4.71495928
0.0,0.8130445,0.0,0.64450234,0.5166025,0.32323772,0.6530661,0.0,0.0,0.6376402,0.43633375,1.071023,0.8597017,0.0,0.0,1,12200000000.0,28910000000.0,9304000000.0,89206000000.0,228000000,238000000,12000000,8000000,4848386.0,16975164540.0,12467356577.0,37771,2222505,1360000000.0,5.438859715
0.0,0.8130445,0.0,0.64450234,0.5166025,0.32323772,0.6530661,0.0,0.0,0.6376402,0.43633375,1.071023,0.8597017,0.0,0.0,1,12208000000.0,28916000000.0,9308000000.0,89202000000.0,224000000,244000000,10000000,8000000,4849573.0,16976720607.0,12466432240.0,37771,2222504,1358000000.0,5.376219055
0.0,0.8130445,0.0,0.64450234,0.5166025,0.32323772,0.6530661,0.0,0.0,0.6376402,0.43633375,1.071023,0.8597017,0.0,0.0,1,13414000000.0,31788000000.0,10234000000.0,98084000000.0,260000000,268000000,12000000,8000000,5327972.0,18669205808.0,13707819626.0,37771,2227626,1476000000.0,5.824214613
0.0,0.8130445,0.0,0.64450234,0.5166025,0.32323772,0.6530661,0.0,0.0,0.6376402,0.43633375,1.071023,0.8597017,0.0,0.0,1,13414000000.0,31786000000.0,10232000000.0,98078000000.0,274000000,268000000,12000000,8000000,5328433.0,18667069458.0,13705153244.0,37771,2227626,1534000000.0,5.941757854
0.0,0.8130445,0.0,0.64450234,0.5166025,0.32323772,0.6530661,0.0,0.0,0.6376402,0.43633375,1.071023,0.8597017,0.0,0.0,1,14330000000.0,33958000000.0,10930000000.0,105000000000.0,274000000,280000000,12000000,8000000,5693421.0,19940213461.0,14646269092.0,37771,2231350,1578000000.0,5.89576753
0.0,0.8130445,0.0,0.64450234,0.5166025,0.32323772,0.6530661,0.0,0.0,0.6376402,0.43633375,1.071023,0.8597017,0.0,0.0,1,14334000000.0,33956000000.0,10930000000.0,105000000000.0,290000000,282000000,10000000,8000000,5693653.0,19940866966.0,14700631894.0,37771,2231350,1586000000.0,6.166666667
0.0,0.8130445,0.0,0.64450234,0.5166025,0.32323772,0.6530661,0.0,0.0,0.6376402,0.43633375,1.071023,0.8597017,0.0,0.0,1,43954000000.0,146000000000.0,48920000000.0,431000000000.0,1448000000,1734000000,102000000,74000000,6987658.0,95304034184.0,69996416403.0,37771,2240844,7392000000.0,0.445957999
0.0,0.8130445,0.0,0.64450234,0.5166025,0.32323772,0.6530661,0.0,0.0,0.6376402,0.43633375,1.071023,0.8597017,0.0,0.0,1,43964000000.0,146000000000.0,48924000000.0,431000000000.0,1494000000,1732000000,80000000,72000000,6993352.0,95305056532.0,69973653799.0,37771,2240843,7534000000.0,0.458333333
0.0,0.8130445,0.0,0.64450234,0.5166025,0.32323772,0.6530661,0.0,0.0,0.6376402,0.43633375,1.071023,0.8597017,0.0,0.0,1,49292000000.0,164000000000.0,54858000000.0,484000000000.0,1666000000,1944000000,80000000,88000000,7837567.0,107000000000.0,78551812364.0,37771,2249202,9088000000.0,0.49396371
0.0,0.8130445,0.0,0.64450234,0.5166025,0.32323772,0.6530661,0.0,0.0,0.6376402,0.43633375,1.071023,0.8597017,0.0,0.0,1,49312000000.0,164000000000.0,54870000000.0,484000000000.0,1664000000,1944000000,78000000,72000000,7837189.0,107000000000.0,78542752735.0,37771,2249202,8332000000.0,0.530814815
0.0,0.8130445,0.0,0.64450234,0.5166025,0.32323772,0.6530661,0.0,0.0,0.6376402,0.43633375,1.071023,0.8597017,0.0,0.0,1,55010000000.0,183000000000.0,61218000000.0,539000000000.0,1722000000,2170000000,90000000,82000000,8728818.0,119000000000.0,87395861298.0,37771,2258117,9440000000.0,0.555533333
0.0,0.8130445,0.0,0.64450234,0.5166025,0.32323772,0.6530661,0.0,0.0,0.6376402,0.43633375,1.071023,0.8597017,0.0,0.0,1,54990000000.0,183000000000.0,61214000000.0,539000000000.0,1754000000,2168000000,128000000,96000000,8727180.0,119000000000.0,87556119460.0,37771,2258118,9302000000.0,0.555533333
0.0,0.81304437,0.0,0.6445023,0.51660246,0.32323775,0.653066,0.0,0.0,0.6376402,0.43633372,1.071023,0.85970163,0.0,0.0,1,72274000000.0,241000000000.0,80442000000.0,709000000000.0,2392000000,2850000000,116000000,102000000,11482814.0,157000000000.0,115000000000.0,37771,2285302,12154000000.0,0.491508187
0.0,0.81304437,0.0,0.6445023,0.51660246,0.32323775,0.653066,0.0,0.0,0.6376402,0.43633372,1.071023,0.85970163,0.0,0.0,1,72260000000.0,241000000000.0,80436000000.0,709000000000.0,2384000000,2848000000,132000000,130000000,11483660.0,157000000000.0,115000000000.0,37771,2285304,12330000000.0,0.4833
0.0,0.8130445,0.0,0.64450234,0.5166025,0.32323772,0.6530661,0.0,0.0,0.6376402,0.43633375,1.071023,0.8597017,0.0,0.0,1,83436000000.0,278000000000.0,92846000000.0,818000000000.0,2710000000,3292000000,182000000,146000000,13257360.0,181000000000.0,133000000000.0,37771,2302598,14140000000.0,0.474833808
0.0,0.8130445,0.0,0.64450234,0.5166025,0.32323772,0.6530661,0.0,0.0,0.6376402,0.43633375,1.071023,0.8597017,0.0,0.0,1,83376000000.0,278000000000.0,92822000000.0,818000000000.0,2714000000,3290000000,128000000,116000000,13252974.0,181000000000.0,133000000000.0,37771,2302599,14426000000.0,0.457745289
0.0,0.8130445,0.0,0.64450234,0.5166025,0.32323772,0.6530661,0.0,0.0,0.6376402,0.43633375,1.071023,0.8597017,0.0,0.0,1,93430000000.0,311000000000.0,104000000000.0,917000000000.0,3024000000,3688000000,134000000,138000000,14852424.0,203000000000.0,149000000000.0,37771,2318277,15916000000.0,0.451592924
0.0,0.8130445,0.0,0.64450234,0.5166025,0.32323772,0.6530661,0.0,0.0,0.6376402,0.43633375,1.071023,0.8597017,0.0,0.0,1,93462000000.0,311000000000.0,104000000000.0,917000000000.0,3026000000,3686000000,140000000,134000000,14852316.0,203000000000.0,149000000000.0,37771,2318278,16520000000.0,0.457490196
0.0,0.8130445,0.0,0.64450234,0.5166025,0.32323772,0.6530661,0.0,0.0,0.6376402,0.43633375,1.071023,0.8597017,0.0,0.0,1,18722000000.0,77512000000.0,27208000000.0,221000000000.0,688000000,712000000,50000000,30000000,30887939.0,77792290434.0,37168079192.0,37771,2189549,5748000000.0,14.70516842
0.0,0.8130445,0.0,0.64450234,0.5166025,0.32323772,0.6530661,0.0,0.0,0.6376402,0.43633375,1.071023,0.8597017,0.0,0.0,1,18722000000.0,77512000000.0,27208000000.0,221000000000.0,712000000,712000000,40000000,24000000,30885180.0,77796755598.0,37167429328.0,37771,2189547,5680000000.0,14.42213333
0.0,0.8130445,0.0,0.64450234,0.5166025,0.32323772,0.6530661,0.0,0.0,0.6376402,0.43633375,1.071023,0.8597017,0.0,0.0,1,23430000000.0,96882000000.0,34004000000.0,276000000000.0,842000000,894000000,44000000,28000000,37530644.0,97270317507.0,46548092112.0,37771,2193877,7080000000.0,14.72222222
0.0,0.8130445,0.0,0.64450234,0.5166025,0.32323772,0.6530661,0.0,0.0,0.6376402,0.43633375,1.071023,0.8597017,0.0,0.0,1,23410000000.0,96868000000.0,33998000000.0,276000000000.0,832000000,886000000,46000000,28000000,37528035.0,97269516692.0,46601606642.0,37771,2193877,7172000000.0,14.28618879
0.0,0.8130445,0.0,0.64450234,0.5166025,0.32323772,0.6530661,0.0,0.0,0.6376402,0.43633375,1.071023,0.8597017,0.0,0.0,1,28932000000.0,120000000000.0,41974000000.0,341000000000.0,1048000000,1098000000,64000000,38000000,45827495.0,120000000000.0,57354272808.0,37771,2199060,8742000000.0,15.98602902
0.0,0.8130445,0.0,0.64450234,0.5166025,0.32323772,0.6530661,0.0,0.0,0.6376402,0.43633375,1.071023,0.8597017,0.0,0.0,1,28912000000.0,120000000000.0,41966000000.0,341000000000.0,1046000000,1100000000,88000000,50000000,45820563.0,120000000000.0,57318960230.0,37771,2199060,8646000000.0,15.76511074
0.0,0.8130445,0.0,0.64450234,0.5166025,0.32323772,0.6530661,0.0,0.0,0.6376402,0.43633375,1.071023,0.8597017,0.0,0.0,1,33672000000.0,139000000000.0,48864000000.0,397000000000.0,1202000000,1278000000,66000000,42000000,52841105.0,140000000000.0,66583516862.0,37771,2203455,10208000000.0,14.6336017
0.0,0.8130445,0.0,0.64450234,0.5166025,0.32323772,0.6530661,0.0,0.0,0.6376402,0.43633375,1.071023,0.8597017,0.0,0.0,1,33638000000.0,139000000000.0,48848000000.0,396000000000.0,1228000000,1276000000,66000000,40000000,52842274.0,140000000000.0,66520384369.0,37771,2203455,10120000000.0,14.67157831
0.0,0.8130445,0.0,0.64450234,0.5166025,0.32323772,0.6530661,0.0,0.0,0.6376402,0.43633375,1.071023,0.8597017,0.0,0.0,1,37626000000.0,156000000000.0,54636000000.0,443000000000.0,1354000000,1430000000,78000000,50000000,57829759.0,156000000000.0,74223078074.0,37771,2207296,11358000000.0,14.37563071
0.0,0.8130445,0.0,0.64450234,0.5166025,0.32323772,0.6530661,0.0,0.0,0.6376402,0.43633375,1.071023,0.8597017,0.0,0.0,1,37640000000.0,156000000000.0,54640000000.0,443000000000.0,1342000000,1432000000,76000000,44000000,57828703.0,156000000000.0,74232723108.0,37771,2207296,11480000000.0,14.43242875
0.0,0.8130445,0.0,0.64450234,0.5166025,0.32323772,0.6530661,0.0,0.0,0.6376402,0.43633375,1.071023,0.8597017,0.0,0.0,1,40972000000.0,170000000000.0,59530000000.0,483000000000.0,1510000000,1566000000,76000000,46000000,61894902.0,170000000000.0,80802717875.0,37771,2210591,12370000000.0,15.55820123
0.0,0.8130445,0.0,0.64450234,0.5166025,0.32323772,0.6530661,0.0,0.0,0.6376402,0.43633375,1.071023,0.8597017,0.0,0.0,1,40924000000.0,170000000000.0,59510000000.0,483000000000.0,1508000000,1562000000,112000000,66000000,61886440.0,170000000000.0,80808344848.0,37771,2210591,12452000000.0,15.4583125
0.0,0.8130445,0.0,0.64450234,0.5166025,0.32323772,0.6530661,0.0,0.0,0.6376402,0.43633375,1.071023,0.8597017,0.0,0.0,1,323000000000.0,1590000000000.0,558000000000.0,4430000000000.0,23698000000,15880000000,2086000000,2114000000,605937214.0,1660000000000.0,769000000000.0,37771,2215571,129000000000.0,0.010124102
0.0,0.8130445,0.0,0.64450234,0.5166025,0.32323772,0.6530661,0.0,0.0,0.6376402,0.43633375,1.071023,0.8597017,0.0,0.0,1,323000000000.0,1590000000000.0,558000000000.0,4430000000000.0,23714000000,15854000000,2036000000,2060000000,605288880.0,1660000000000.0,769000000000.0,37771,2215571,129000000000.0,0.010073073
0.0,0.8130445,0.0,0.64450234,0.5166025,0.32323772,0.6530661,0.0,0.0,0.6376402,0.43633375,1.071023,0.8597017,0.0,0.0,1,431000000000.0,2120000000000.0,746000000000.0,5920000000000.0,31732000000,21260000000,3176000000,2858000000,779943430.0,2210000000000.0,1020000000000.0,37771,2230207,173000000000.0,0.007778752
0.0,0.8130445,0.0,0.64450234,0.5166025,0.32323772,0.6530661,0.0,0.0,0.6376402,0.43633375,1.071023,0.8597017,0.0,0.0,1,431000000000.0,2120000000000.0,746000000000.0,5920000000000.0,31810000000,21198000000,2672000000,2824000000,780217789.0,2210000000000.0,1020000000000.0,37771,2230207,171000000000.0,0.007805751
0.0,0.8130445,0.0,0.64450234,0.5166025,0.32323772,0.6530661,0.0,0.0,0.6376402,0.43633375,1.071023,0.8597017,0.0,0.0,1,537000000000.0,2650000000000.0,929000000000.0,7370000000000.0,39752000000,26498000000,3776000000,3900000000,909924798.0,2750000000000.0,1270000000000.0,37771,2244601,211000000000.0,0.006818563
0.0,0.8130445,0.0,0.64450234,0.5166025,0.32323772,0.6530661,0.0,0.0,0.6376402,0.43633375,1.071023,0.8597017,0.0,0.0,1,536000000000.0,2650000000000.0,929000000000.0,7370000000000.0,39754000000,26522000000,3680000000,3552000000,909344312.0,2750000000000.0,1270000000000.0,37771,2244600,216000000000.0,0.006980466
0.0,0.8130445,0.0,0.64450234,0.5166025,0.32323772,0.6530661,0.0,0.0,0.6376402,0.43633375,1.071023,0.8597017,0.0,0.0,1,580000000000.0,2860000000000.0,1000000000000.0,7970000000000.0,42988000000,28638000000,3726000000,4100000000,954590079.0,2980000000000.0,1370000000000.0,37771,2250458,234000000000.0,0.007022989
0.0,0.8130445,0.0,0.64450234,0.5166025,0.32323772,0.6530661,0.0,0.0,0.6376402,0.43633375,1.071023,0.8597017,0.0,0.0,1,581000000000.0,2860000000000.0,1000000000000.0,7970000000000.0,42956000000,28624000000,3974000000,4052000000,954452993.0,2980000000000.0,1370000000000.0,37771,2250458,235000000000.0,0.007580553
0.0,0.8130445,0.0,0.64450234,0.5166025,0.32323772,0.6530661,0.0,0.0,0.6376402,0.43633375,1.071023,0.8597017,0.0,0.0,1,636000000000.0,3140000000000.0,1100000000000.0,8730000000000.0,47078000000,31442000000,4348000000,4064000000,1000674127.0,3260000000000.0,1500000000000.0,37771,2258111,256000000000.0,0.007529566
0.0,0.8130445,0.0,0.64450234,0.5166025,0.32323772,0.6530661,0.0,0.0,0.6376402,0.43633375,1.071023,0.8597017,0.0,0.0,1,636000000000.0,3140000000000.0,1100000000000.0,8730000000000.0,46828000000,31420000000,4116000000,4368000000,1000579724.0,3260000000000.0,1500000000000.0,37771,2258112,256000000000.0,0.007516501
0.0,0.8130445,0.0,0.64450234,0.5166025,0.32323772,0.6530661,0.0,0.0,0.6376402,0.43633375,1.071023,0.8597017,0.0,0.0,1,741000000000.0,3660000000000.0,1280000000000.0,10200000000000.0,54730000000,36628000000,4946000000,4740000000,1107051892.0,3800000000000.0,1750000000000.0,37771,2273181,300000000000.0,0.006459251
0.0,0.8130445,0.0,0.64450234,0.5166025,0.32323772,0.6530661,0.0,0.0,0.6376402,0.43633375,1.071023,0.8597017,0.0,0.0,1,741000000000.0,3660000000000.0,1280000000000.0,10200000000000.0,54558000000,36592000000,5136000000,4920000000,1106701299.0,3800000000000.0,1750000000000.0,37771,2273181,299000000000.0,0.0064273
0.0,0.8130445,0.0,0.64450234,0.5166025,0.32323772,0.6530661,0.0,0.0,0.6376402,0.43633375,1.071023,0.8597017,0.0,0.0,1,1756000000.0,2510000000.0,734000000.0,8498000000.0,18000000,8000000,0,0,1118229.0,1118039287.0,809434728.0,37771,2188654,98000000.0,10.666
0.0,0.8130445,0.0,0.64450234,0.5166025,0.32323772,0.6530661,0.0,0.0,0.6376402,0.43633375,1.071023,0.8597017,0.0,0.0,1,1754000000.0,2512000000.0,736000000.0,8502000000.0,24000000,8000000,0,0,1117884.0,1116848268.0,806487653.0,37771,2188656,100000000.0,10.332
0.0,0.81304437,0.0,0.6445023,0.51660246,0.32323775,0.653066,0.0,0.0,0.6376402,0.43633372,1.071023,0.85970163,0.0,0.0,1,2042000000.0,2918000000.0,856000000.0,9888000000.0,30000000,10000000,0,0,1298632.0,1299900069.0,939595815.0,37771,2191342,122000000.0,9.258258258
0.0,0.81304437,0.0,0.6445023,0.51660246,0.32323775,0.653066,0.0,0.0,0.6376402,0.43633372,1.071023,0.85970163,0.0,0.0,1,2042000000.0,2920000000.0,856000000.0,9890000000.0,22000000,10000000,0,0,1299480.0,1300076279.0,938308742.0,37771,2191342,120000000.0,9.009009009
0.0,0.8130445,0.0,0.64450234,0.5166025,0.32323772,0.6530661,0.0,0.0,0.6376402,0.43633375,1.071023,0.8597017,0.0,0.0,1,2200000000.0,3148000000.0,922000000.0,10662000000.0,30000000,10000000,0,0,1400032.0,1401966766.0,1012713190.0,37771,2192865,122000000.0,10.00900901
0.0,0.8130445,0.0,0.64450234,0.5166025,0.32323772,0.6530661,0.0,0.0,0.6376402,0.43633375,1.071023,0.8597017,0.0,0.0,1,2202000000.0,3150000000.0,922000000.0,10660000000.0,34000000,12000000,2000000,0,1400057.0,1400545188.0,1015182301.0,37771,2192864,130000000.0,9.75975976
0.0,0.8130445,0.0,0.64450234,0.5166025,0.32323772,0.6530661,0.0,0.0,0.6376402,0.43633375,1.071023,0.8597017,0.0,0.0,1,2380000000.0,3412000000.0,996000000.0,11550000000.0,30000000,12000000,2000000,0,1517696.0,1516191867.0,1097863627.0,37771,2194669,132000000.0,14.0
0.0,0.8130445,0.0,0.64450234,0.5166025,0.32323772,0.6530661,0.0,0.0,0.6376402,0.43633375,1.071023,0.8597017,0.0,0.0,1,2384000000.0,3412000000.0,998000000.0,11546000000.0,38000000,12000000,0,0,1518686.0,1517516256.0,1098457626.0,37771,2194669,136000000.0,14.0
0.0,0.8130445,0.0,0.64450234,0.5166025,0.32323772,0.6530661,0.0,0.0,0.6376402,0.43633375,1.071023,0.8597017,0.0,0.0,1,2672000000.0,3822000000.0,1120000000.0,12942000000.0,26000000,14000000,0,0,1700048.0,1698003620.0,1230008106.0,37771,2197352,158000000.0,11.76126126
0.0,0.8130445,0.0,0.64450234,0.5166025,0.32323772,0.6530661,0.0,0.0,0.6376402,0.43633375,1.071023,0.8597017,0.0,0.0,1,2672000000.0,3822000000.0,1118000000.0,12944000000.0,38000000,12000000,0,0,1699667.0,1700449752.0,1229324495.0,37771,2197352,160000000.0,11.76126126
0.0,0.8130445,0.0,0.64450234,0.5166025,0.32323772,0.6530661,0.0,0.0,0.6376402,0.43633375,1.071023,0.8597017,0.0,0.0,1,2916000000.0,4172000000.0,1220000000.0,14128000000.0,40000000,14000000,2000000,0,1857673.0,1855232293.0,1339019933.0,37771,2199671,172000000.0,10.40336134
0.0,0.8130445,0.0,0.64450234,0.5166025,0.32323772,0.6530661,0.0,0.0,0.6376402,0.43633375,1.071023,0.8597017,0.0,0.0,1,2918000000.0,4172000000.0,1222000000.0,14126000000.0,46000000,16000000,2000000,0,1855347.0,1854279639.0,1339390396.0,37771,2199672,170000000.0,13.01201201
0.0,0.8130445,0.0,0.64450234,0.5166025,0.32323772,0.6530661,0.0,0.0,0.6376402,0.43633375,1.071023,0.8597017,0.0,0.0,1,8380000000.0,20164000000.0,6518000000.0,61854000000.0,200000000,168000000,8000000,6000000,3312123.0,11848127229.0,8459776126.0,37771,2210870,966000000.0,49.6665
0.0,0.8130445,0.0,0.64450234,0.5166025,0.32323772,0.6530661,0.0,0.0,0.6376402,0.43633375,1.071023,0.8597017,0.0,0.0,1,8380000000.0,20168000000.0,6520000000.0,61850000000.0,240000000,168000000,8000000,6000000,3312251.0,11849191558.0,8455499087.0,37771,2210870,980000000.0,50.0
0.0,0.8130445,0.0,0.64450234,0.5166025,0.32323772,0.6530661,0.0,0.0,0.6376402,0.43633375,1.071023,0.8597017,0.0,0.0,1,9580000000.0,23056000000.0,7454000000.0,70716000000.0,200000000,192000000,8000000,6000000,3786790.0,13544381142.0,9661557876.0,37771,2216423,1118000000.0,0.076638966
0.0,0.8130445,0.0,0.64450234,0.5166025,0.32323772,0.6530661,0.0,0.0,0.6376402,0.43633375,1.071023,0.8597017,0.0,0.0,1,9568000000.0,23052000000.0,7448000000.0,70710000000.0,236000000,190000000,10000000,6000000,3786498.0,13541617296.0,9667786310.0,37771,2216422,1120000000.0,0.076638966
0.0,0.8130445,0.0,0.64450234,0.5166025,0.32323772,0.6530661,0.0,0.0,0.6376402,0.43633375,1.071023,0.8597017,0.0,0.0,1,10228000000.0,24622000000.0,7958000000.0,75506000000.0,232000000,204000000,10000000,8000000,4041972.0,14466353387.0,10328948034.0,37771,2219491,1186000000.0,0.071153022
0.0,0.8130445,0.0,0.64450234,0.5166025,0.32323772,0.6530661,0.0,0.0,0.6376402,0.43633375,1.071023,0.8597017,0.0,0.0,1,10228000000.0,24614000000.0,7956000000.0,75516000000.0,234000000,204000000,10000000,8000000,4041983.0,14465784300.0,10330133682.0,37771,2219491,1170000000.0,0.0664
0.0,0.8130445,0.0,0.64450234,0.5166025,0.32323772,0.6530661,0.0,0.0,0.6376402,0.43633375,1.071023,0.8597017,0.0,0.0,1,11170000000.0,26890000000.0,8692000000.0,82486000000.0,272000000,224000000,12000000,6000000,4415216.0,15793695645.0,11283377627.0,37771,2223938,1330000000.0,0.071153022
0.0,0.8130445,0.0,0.64450234,0.5166025,0.32323772,0.6530661,0.0,0.0,0.6376402,0.43633375,1.071023,0.8597017,0.0,0.0,1,11172000000.0,26888000000.0,8692000000.0,82484000000.0,220000000,224000000,10000000,6000000,4414645.0,15801578838.0,11284240191.0,37771,2223938,1308000000.0,0.124906227
0.0,0.8130445,0.0,0.64450234,0.5166025,0.32323772,0.6530661,0.0,0.0,0.6376402,0.43633375,1.071023,0.8597017,0.0,0.0,1,12566000000.0,30246000000.0,9778000000.0,92782000000.0,310000000,252000000,12000000,8000000,4965776.0,17768576200.0,12697720781.0,37771,2230463,1446000000.0,0.062265566
0.0,0.8130445,0.0,0.64450234,0.5166025,0.32323772,0.6530661,0.0,0.0,0.6376402,0.43633375,1.071023,0.8597017,0.0,0.0,1,12568000000.0,30246000000.0,9778000000.0,92780000000.0,336000000,250000000,12000000,8000000,4966253.0,17772514198.0,12693414672.0,37771,2230463,1480000000.0,0.058595129
0.0,0.8130445,0.0,0.64450234,0.5166025,0.32323772,0.6530661,0.0,0.0,0.6376402,0.43633375,1.071023,0.8597017,0.0,0.0,1,13582000000.0,32702000000.0,10572000000.0,100000000000.0,270000000,272000000,14000000,10000000,5366379.0,19209515153.0,13718614740.0,37771,2235223,1600000000.0,0.11754324
0.0,0.8130445,0.0,0.64450234,0.5166025,0.32323772,0.6530661,0.0,0.0,0.6376402,0.43633375,1.071023,0.8597017,0.0,0.0,1,13582000000.0,32694000000.0,10568000000.0,100000000000.0,330000000,268000000,14000000,10000000,5366214.0,19213326415.0,13715676222.0,37771,2235222,1588000000.0,0.058595129
0.0,0.8130445,0.0,0.64450234,0.5166025,0.32323772,0.6530661,0.0,0.0,0.6376402,0.43633375,1.071023,0.8597017,0.0,0.0,1,16596000000.0,67398000000.0,24292000000.0,198000000000.0,554000000,606000000,34000000,22000000,15302116.0,68484369335.0,37906470860.0,37771,2188660,5098000000.0,0.048734085
0.0,0.8130445,0.0,0.64450234,0.5166025,0.32323772,0.6530661,0.0,0.0,0.6376402,0.43633375,1.071023,0.8597017,0.0,0.0,1,16594000000.0,67392000000.0,24292000000.0,198000000000.0,574000000,604000000,38000000,22000000,15301633.0,68483149268.0,37893007872.0,37771,2188660,5152000000.0,0.048734085
0.0,0.8130445,0.0,0.64450234,0.5166025,0.32323772,0.6530661,0.0,0.0,0.6376402,0.43633375,1.071023,0.8597017,0.0,0.0,1,19312000000.0,78470000000.0,28272000000.0,230000000000.0,660000000,704000000,38000000,24000000,17830455.0,79734773545.0,44082996231.0,37771,2191346,5984000000.0,0.041625
0.0,0.8130445,0.0,0.64450234,0.5166025,0.32323772,0.6530661,0.0,0.0,0.6376402,0.43633375,1.071023,0.8597017,0.0,0.0,1,19318000000.0,78474000000.0,28276000000.0,230000000000.0,638000000,704000000,38000000,22000000,17830366.0,79736081466.0,44079176428.0,37771,2191345,6088000000.0,0.040778839
0.0,0.8130445,0.0,0.64450234,0.5166025,0.32323772,0.6530661,0.0,0.0,0.6376402,0.43633375,1.071023,0.8597017,0.0,0.0,1,20846000000.0,84638000000.0,30500000000.0,248000000000.0,718000000,760000000,44000000,26000000,19215046.0,85985976622.0,47484732095.0,37771,2192868,6482000000.0,0.038426033
0.0,0.8130445,0.0,0.64450234,0.5166025,0.32323772,0.6530661,0.0,0.0,0.6376402,0.43633375,1.071023,0.8597017,0.0,0.0,1,20840000000.0,84634000000.0,30492000000.0,248000000000.0,696000000,760000000,48000000,28000000,19215052.0,85986988805.0,47490839474.0,37771,2192869,6544000000.0,0.038426033
0.0,0.8130445,0.0,0.64450234,0.5166025,0.32323772,0.6530661,0.0,0.0,0.6376402,0.43633375,1.071023,0.8597017,0.0,0.0,1,22568000000.0,91706000000.0,33040000000.0,269000000000.0,784000000,826000000,56000000,30000000,20841195.0,93175950474.0,51444975407.0,37771,2194674,6918000000.0,0.035052632
0.0,0.8130445,0.0,0.64450234,0.5166025,0.32323772,0.6530661,0.0,0.0,0.6376402,0.43633375,1.071023,0.8597017,0.0,0.0,1,22590000000.0,91720000000.0,33050000000.0,269000000000.0,752000000,824000000,46000000,26000000,20847379.0,93176577029.0,51446070550.0,37771,2194674,6982000000.0,0.035679846
0.0,0.8130445,0.0,0.64450234,0.5166025,0.32323772,0.6530661,0.0,0.0,0.6376402,0.43633375,1.071023,0.8597017,0.0,0.0,1,25314000000.0,103000000000.0,37036000000.0,301000000000.0,878000000,924000000,54000000,34000000,23357825.0,104000000000.0,57616458509.0,37771,2197356,7964000000.0,0.031714286
0.0,0.8130445,0.0,0.64450234,0.5166025,0.32323772,0.6530661,0.0,0.0,0.6376402,0.43633375,1.071023,0.8597017,0.0,0.0,1,25324000000.0,103000000000.0,37040000000.0,301000000000.0,840000000,924000000,48000000,30000000,23356744.0,104000000000.0,57611953223.0,37771,2197356,7890000000.0,0.031714286
0.0,0.81304437,0.0,0.6445023,0.51660246,0.32323775,0.653066,0.0,0.0,0.6376402,0.43633372,1.071023,0.85970163,0.0,0.0,1,27638000000.0,112000000000.0,40434000000.0,329000000000.0,926000000,1008000000,56000000,34000000,25498933.0,114000000000.0,62877930907.0,37771,2199676,8576000000.0,0.028956522
0.0,0.81304437,0.0,0.6445023,0.51660246,0.32323775,0.653066,0.0,0.0,0.6376402,0.43633372,1.071023,0.85970163,0.0,0.0,1,27632000000.0,112000000000.0,40434000000.0,329000000000.0,926000000,1006000000,64000000,34000000,25499510.0,114000000000.0,62892310881.0,37771,2199675,8454000000.0,0.044118945
0.0,0.8130445,0.0,0.64450234,0.5166025,0.32323772,0.6530661,0.0,0.0,0.6376402,0.43633375,1.071023,0.8597017,0.0,0.0,1,286000000000.0,1360000000000.0,489000000000.0,3910000000000.0,20022000000,13924000000,1824000000,1800000000,249981662.0,1430000000000.0,750000000000.0,37771,2210881,112000000000.0,0.005083969
0.0,0.8130445,0.0,0.64450234,0.5166025,0.32323772,0.6530661,0.0,0.0,0.6376402,0.43633375,1.071023,0.8597017,0.0,0.0,1,286000000000.0,1360000000000.0,489000000000.0,3910000000000.0,19866000000,13894000000,1700000000,1720000000,249901207.0,1430000000000.0,750000000000.0,37771,2210881,111000000000.0,0.005051846
0.0,0.8130445,0.0,0.64450234,0.5166025,0.32323772,0.6530661,0.0,0.0,0.6376402,0.43633375,1.071023,0.8597017,0.0,0.0,1,,,,,22928000000,15918000000,2164000000,1942000000,,,,37771,2216434,127000000000.0,0.006065549
0.0,0.8130445,0.0,0.64450234,0.5166025,0.32323772,0.6530661,0.0,0.0,0.6376402,0.43633375,1.071023,0.8597017,0.0,0.0,1,,,,,22854000000,15880000000,2046000000,1938000000,286900777.0,1630000000000.0,858000000000.0,37771,2216432,126000000000.0,0.005978483
0.0,0.8130445,0.0,0.64450234,0.5166025,0.32323772,0.6530661,0.0,0.0,0.6376402,0.43633375,1.071023,0.8597017,0.0,0.0,1,270000000.0,370000000.0,106000000.0,1272000000.0,2000000,0,0,0,175215.0,161233229.0,116009903.0,37771,2173738,12000000.0,3.003003003
0.0,0.8130445,0.0,0.64450234,0.5166025,0.32323772,0.6530661,0.0,0.0,0.6376402,0.43633375,1.071023,0.8597017,0.0,0.0,1,270000000.0,368000000.0,106000000.0,1272000000.0,4000000,0,0,0,174251.0,160404192.0,116615484.0,37771,2173739,14000000.0,6.024096386
0.0,0.8130445,0.0,0.64450234,0.5166025,0.32323772,0.6530661,0.0,0.0,0.6376402,0.43633375,1.071023,0.8597017,0.0,0.0,1,314000000.0,430000000.0,124000000.0,1482000000.0,4000000,0,0,0,203407.0,189095070.0,136410165.0,37771,2174048,14000000.0,2.0
0.0,0.8130445,0.0,0.64450234,0.5166025,0.32323772,0.6530661,0.0,0.0,0.6376402,0.43633375,1.071023,0.8597017,0.0,0.0,1,314000000.0,430000000.0,124000000.0,1482000000.0,4000000,0,0,0,204461.0,189000920.0,136132143.0,37771,2174046,14000000.0,3.003003003
0.0,0.8130445,0.0,0.64450234,0.5166025,0.32323772,0.6530661,0.0,0.0,0.6376402,0.43633375,1.071023,0.8597017,0.0,0.0,1,360000000.0,492000000.0,142000000.0,1692000000.0,4000000,0,0,0,232186.0,215808727.0,155734796.0,37771,2174351,18000000.0,3.501501502
0.0,0.8130445,0.0,0.64450234,0.5166025,0.32323772,0.6530661,0.0,0.0,0.6376402,0.43633375,1.071023,0.8597017,0.0,0.0,1,360000000.0,492000000.0,142000000.0,1692000000.0,4000000,0,0,0,231261.0,213268610.0,154300642.0,37771,2174351,16000000.0,2.332
0.0,0.8130445,0.0,0.64450234,0.5166025,0.32323772,0.6530661,0.0,0.0,0.6376402,0.43633375,1.071023,0.8597017,0.0,0.0,1,404000000.0,552000000.0,158000000.0,1902000000.0,6000000,0,0,0,261358.0,240836523.0,174050489.0,37771,2174657,20000000.0,3.501501502
0.0,0.8130445,0.0,0.64450234,0.5166025,0.32323772,0.6530661,0.0,0.0,0.6376402,0.43633375,1.071023,0.8597017,0.0,0.0,1,404000000.0,552000000.0,158000000.0,1900000000.0,6000000,0,0,0,260847.0,240919198.0,174391164.0,37771,2174658,18000000.0,3.501501502
0.0,0.8130445,0.0,0.64450234,0.5166025,0.32323772,0.6530661,0.0,0.0,0.6376402,0.43633375,1.071023,0.8597017,0.0,0.0,1,448000000.0,614000000.0,176000000.0,2112000000.0,4000000,2000000,0,0,291033.0,268238836.0,193661793.0,37771,2174959,22000000.0,3.501501502
0.0,0.8130445,0.0,0.64450234,0.5166025,0.32323772,0.6530661,0.0,0.0,0.6376402,0.43633375,1.071023,0.8597017,0.0,0.0,1,446000000.0,614000000.0,176000000.0,2114000000.0,6000000,2000000,0,0,291211.0,268352327.0,193840155.0,37771,2174962,20000000.0,4.003003003
0.0,0.8130445,0.0,0.64450234,0.5166025,0.32323772,0.6530661,0.0,0.0,0.6376402,0.43633375,1.071023,0.8597017,0.0,0.0,1,492000000.0,676000000.0,194000000.0,2322000000.0,6000000,2000000,0,0,318597.0,294705151.0,212096112.0,37771,2175330,24000000.0,21.666
0.0,0.8130445,0.0,0.64450234,0.5166025,0.32323772,0.6530661,0.0,0.0,0.6376402,0.43633375,1.071023,0.8597017,0.0,0.0,1,492000000.0,672000000.0,194000000.0,2320000000.0,6000000,2000000,0,0,317967.0,293128235.0,212070358.0,37771,2175330,24000000.0,16.26576577
0.0,0.8130445,0.0,0.64450234,0.5166025,0.32323772,0.6530661,0.0,0.0,0.6376402,0.43633375,1.071023,0.8597017,0.0,0.0,1,1042000000.0,2424000000.0,776000000.0,7526000000.0,44000000,20000000,0,0,419863.0,1418845986.0,1017911203.0,37771,2175633,114000000.0,25.666
0.0,0.8130445,0.0,0.64450234,0.5166025,0.32323772,0.6530661,0.0,0.0,0.6376402,0.43633375,1.071023,0.8597017,0.0,0.0,1,1042000000.0,2424000000.0,776000000.0,7526000000.0,44000000,20000000,0,0,420220.0,1420711422.0,1017222387.0,37771,2175633,108000000.0,25.332
0.0,0.8130445,0.0,0.64450234,0.5166025,0.32323772,0.6530661,0.0,0.0,0.6376402,0.43633375,1.071023,0.8597017,0.0,0.0,1,1216000000.0,2828000000.0,906000000.0,8782000000.0,50000000,22000000,0,0,490468.0,1655664716.0,1184027904.0,37771,2176245,134000000.0,29.0
0.0,0.8130445,0.0,0.64450234,0.5166025,0.32323772,0.6530661,0.0,0.0,0.6376402,0.43633375,1.071023,0.8597017,0.0,0.0,1,1216000000.0,2826000000.0,906000000.0,8780000000.0,52000000,22000000,0,0,490091.0,1654315299.0,1186637190.0,37771,2176245,134000000.0,21.52102102
0.0,0.8130445,0.0,0.64450234,0.5166025,0.32323772,0.6530661,0.0,0.0,0.6376402,0.43633375,1.071023,0.8597017,0.0,0.0,1,1386000000.0,3224000000.0,1034000000.0,10012000000.0,28000000,26000000,0,0,559471.0,1884760362.0,1353871740.0,37771,2176853,156000000.0,32.332
0.0,0.8130445,0.0,0.64450234,0.5166025,0.32323772,0.6530661,0.0,0.0,0.6376402,0.43633375,1.071023,0.8597017,0.0,0.0,1,1388000000.0,3226000000.0,1034000000.0,10014000000.0,36000000,26000000,0,0,559651.0,1886199521.0,1350636205.0,37771,2176853,150000000.0,24.52402402
0.0,0.8130445,0.0,0.64450234,0.5166025,0.32323772,0.6530661,0.0,0.0,0.6376402,0.43633375,1.071023,0.8597017,0.0,0.0,1,1560000000.0,3628000000.0,1162000000.0,11266000000.0,34000000,30000000,0,0,629824.0,2123626474.0,1525678313.0,37771,2177525,176000000.0,36.0
0.0,0.8130445,0.0,0.64450234,0.5166025,0.32323772,0.6530661,0.0,0.0,0.6376402,0.43633375,1.071023,0.8597017,0.0,0.0,1,1560000000.0,3628000000.0,1162000000.0,11266000000.0,66000000,30000000,0,0,628809.0,2121870870.0,1522905350.0,37771,2177526,156000000.0,27.02702703
0.0,0.8130445,0.0,0.64450234,0.5166025,0.32323772,0.6530661,0.0,0.0,0.6376402,0.43633375,1.071023,0.8597017,0.0,0.0,1,1734000000.0,4032000000.0,1292000000.0,12518000000.0,72000000,32000000,0,0,698558.0,2353534877.0,1689966155.0,37771,2178134,192000000.0,24.00960384
0.0,0.8130445,0.0,0.64450234,0.5166025,0.32323772,0.6530661,0.0,0.0,0.6376402,0.43633375,1.071023,0.8597017,0.0,0.0,1,1732000000.0,4030000000.0,1290000000.0,12516000000.0,34000000,32000000,0,0,699465.0,2359745512.0,1689886540.0,37771,2178135,186000000.0,39.0
0.0,0.8130445,0.0,0.64450234,0.5166025,0.32323772,0.6530661,0.0,0.0,0.6376402,0.43633375,1.071023,0.8597017,0.0,0.0,1,1906000000.0,4434000000.0,1420000000.0,13768000000.0,36000000,36000000,0,0,769008.0,2594289873.0,1856228401.0,37771,2178808,214000000.0,36.12983065
0.0,0.8130445,0.0,0.64450234,0.5166025,0.32323772,0.6530661,0.0,0.0,0.6376402,0.43633375,1.071023,0.8597017,0.0,0.0,1,1908000000.0,4434000000.0,1422000000.0,13772000000.0,72000000,36000000,0,0,769289.0,2592575083.0,1856787335.0,37771,2178808,212000000.0,36.12983065
0.0,0.8130445,0.0,0.64450234,0.5166025,0.32323772,0.6530661,0.0,0.0,0.6376402,0.43633375,1.071023,0.8597017,0.0,0.0,1,9136000000.0,29980000000.0,9994000000.0,88842000000.0,328000000,358000000,18000000,16000000,1484337.0,19493037773.0,13974828229.0,37771,2184484,1602000000.0,9.025681625
0.0,0.8130445,0.0,0.64450234,0.5166025,0.32323772,0.6530661,0.0,0.0,0.6376402,0.43633375,1.071023,0.8597017,0.0,0.0,1,2272000000.0,9294000000.0,3240000000.0,26382000000.0,88000000,84000000,4000000,2000000,2306746.0,9268968800.0,4217693424.0,37771,2173742,646000000.0,16.04164481
0.0,0.81304437,0.0,0.6445023,0.51660246,0.32323775,0.653066,0.0,0.0,0.6376402,0.43633372,1.071023,0.85970163,0.0,0.0,1,2270000000.0,9292000000.0,3238000000.0,26380000000.0,92000000,84000000,4000000,2000000,2306971.0,9270038957.0,4218867650.0,37771,2173742,642000000.0,21.27237486
0.0,0.81304437,0.0,0.6445023,0.51660246,0.32323775,0.653066,0.0,0.0,0.6376402,0.43633372,1.071023,0.85970163,0.0,0.0,1,2646000000.0,10828000000.0,3774000000.0,30734000000.0,92000000,98000000,4000000,2000000,2685867.0,10802153263.0,4915589638.0,37771,2174048,750000000.0,18.05136325
0.0,0.8130445,0.0,0.64450234,0.5166025,0.32323772,0.6530661,0.0,0.0,0.6376402,0.43633375,1.071023,0.8597017,0.0,0.0,1,2646000000.0,10828000000.0,3774000000.0,30734000000.0,136000000,98000000,4000000,2000000,2686101.0,10797168461.0,4915747371.0,37771,2174049,758000000.0,20.63676433
0.0,0.8130445,0.0,0.64450234,0.5166025,0.32323772,0.6530661,0.0,0.0,0.6376402,0.43633375,1.071023,0.8597017,0.0,0.0,1,3020000000.0,12362000000.0,4308000000.0,35092000000.0,164000000,112000000,6000000,2000000,3065892.0,12333546944.0,5613524447.0,37771,2174353,842000000.0,16.04164481
0.0,0.8130445,0.0,0.64450234,0.5166025,0.32323772,0.6530661,0.0,0.0,0.6376402,0.43633375,1.071023,0.8597017,0.0,0.0,1,3018000000.0,12362000000.0,4308000000.0,35092000000.0,120000000,112000000,4000000,2000000,3064000.0,12331430124.0,5620710160.0,37771,2174353,866000000.0,19.1596907
0.0,0.8130445,0.0,0.64450234,0.5166025,0.32323772,0.6530661,0.0,0.0,0.6376402,0.43633375,1.071023,0.8597017,0.0,0.0,1,3394000000.0,13896000000.0,4842000000.0,39444000000.0,120000000,126000000,6000000,4000000,3442562.0,13863268786.0,6311309609.0,37771,2174660,970000000.0,16.04164481
0.0,0.8130445,0.0,0.64450234,0.5166025,0.32323772,0.6530661,0.0,0.0,0.6376402,0.43633375,1.071023,0.8597017,0.0,0.0,1,3394000000.0,13894000000.0,4842000000.0,39442000000.0,124000000,126000000,8000000,4000000,3443986.0,13861510156.0,6319451928.0,37771,2174660,970000000.0,16.04164481
0.0,0.8130445,0.0,0.64450234,0.5166025,0.32323772,0.6530661,0.0,0.0,0.6376402,0.43633375,1.071023,0.8597017,0.0,0.0,1,3768000000.0,15428000000.0,5376000000.0,43792000000.0,134000000,142000000,6000000,4000000,3822783.0,15393082253.0,7008122182.0,37771,2174963,1074000000.0,14.44325763
0.0,0.8130445,0.0,0.64450234,0.5166025,0.32323772,0.6530661,0.0,0.0,0.6376402,0.43633375,1.071023,0.8597017,0.0,0.0,1,3768000000.0,15426000000.0,5374000000.0,43792000000.0,134000000,140000000,6000000,2000000,3821881.0,15393526562.0,7010856410.0,37771,2174962,1078000000.0,15.768244
0.0,0.8130445,0.0,0.64450234,0.5166025,0.32323772,0.6530661,0.0,0.0,0.6376402,0.43633375,1.071023,0.8597017,0.0,0.0,1,3768000000.0,15428000000.0,5376000000.0,43790000000.0,138000000,142000000,6000000,2000000,3822773.0,15394488121.0,7008865353.0,37771,2174962,1066000000.0,14.44325763
0.0,0.8130445,0.0,0.64450234,0.5166025,0.32323772,0.6530661,0.0,0.0,0.6376402,0.43633375,1.071023,0.8597017,0.0,0.0,1,4142000000.0,16964000000.0,5912000000.0,48152000000.0,154000000,154000000,8000000,4000000,4202324.0,16925917887.0,7707252812.0,37771,2175329,1172000000.0,13.12736891
0.0,0.8130445,0.0,0.64450234,0.5166025,0.32323772,0.6530661,0.0,0.0,0.6376402,0.43633375,1.071023,0.8597017,0.0,0.0,1,4146000000.0,16968000000.0,5914000000.0,48156000000.0,148000000,154000000,6000000,4000000,4200832.0,16924577184.0,7705228341.0,37771,2175330,1174000000.0,13.12736891
0.0,0.8130445,0.0,0.64450234,0.5166025,0.32323772,0.6530661,0.0,0.0,0.6376402,0.43633375,1.071023,0.8597017,0.0,0.0,1,22318000000.0,109000000000.0,38038000000.0,303000000000.0,1740000000,1130000000,172000000,168000000,21051649.0,113000000000.0,49144489729.0,37771,2174359,8330000000.0,2.677092152
0.0,0.8130445,0.0,0.64450234,0.5166025,0.32323772,0.6530661,0.0,0.0,0.6376402,0.43633375,1.071023,0.8597017,0.0,0.0,1,33326000000.0,163000000000.0,56852000000.0,453000000000.0,2572000000,1692000000,276000000,252000000,31282623.0,169000000000.0,73493061249.0,37770,2175638,12484000000.0,1.622225255
0.0,0.8130445,0.0,0.64450234,0.5166025,0.32323772,0.6530661,0.0,0.0,0.6376402,0.43633375,1.071023,0.8597017,0.0,0.0,1,33330000000.0,163000000000.0,56856000000.0,453000000000.0,2584000000,1692000000,228000000,230000000,31275433.0,169000000000.0,73481659010.0,37771,2175640,12440000000.0,1.640697342
0.0,0.8130445,0.0,0.64450234,0.5166025,0.32323772,0.6530661,0.0,0.0,0.6376402,0.43633375,1.071023,0.8597017,0.0,0.0,1,38854000000.0,191000000000.0,66278000000.0,528000000000.0,3032000000,1974000000,288000000,282000000,36370259.0,197000000000.0,85664102280.0,37771,2176252,14542000000.0,1.401751556
0.0,0.8130445,0.0,0.64450234,0.5166025,0.32323772,0.6530661,0.0,0.0,0.6376402,0.43633375,1.071023,0.8597017,0.0,0.0,1,38852000000.0,191000000000.0,66276000000.0,528000000000.0,2988000000,1972000000,270000000,268000000,36479666.0,197000000000.0,85706954635.0,37771,2176252,14542000000.0,1.613736751
0.0,0.8130445,0.0,0.64450234,0.5166025,0.32323772,0.6530661,0.0,0.0,0.6376402,0.43633375,1.071023,0.8597017,0.0,0.0,1,44266000000.0,217000000000.0,75498000000.0,601000000000.0,3424000000,2248000000,284000000,298000000,41450418.0,225000000000.0,97609049078.0,37771,2176861,16520000000.0,1.233972678
0.0,0.8130445,0.0,0.64450234,0.5166025,0.32323772,0.6530661,0.0,0.0,0.6376402,0.43633375,1.071023,0.8597017,0.0,0.0,1,44222000000.0,217000000000.0,75478000000.0,601000000000.0,3412000000,2250000000,328000000,284000000,41489382.0,225000000000.0,97600050819.0,37771,2176861,16574000000.0,1.193219638
0.0,0.8130445,0.0,0.64450234,0.5166025,0.32323772,0.6530661,0.0,0.0,0.6376402,0.43633375,1.071023,0.8597017,0.0,0.0,1,49638000000.0,244000000000.0,84830000000.0,676000000000.0,3856000000,2528000000,360000000,326000000,46737692.0,253000000000.0,110000000000.0,37771,2177534,18468000000.0,1.127945775
0.0,0.8130445,0.0,0.64450234,0.5166025,0.32323772,0.6530661,0.0,0.0,0.6376402,0.43633375,1.071023,0.8597017,0.0,0.0,1,49756000000.0,244000000000.0,84884000000.0,676000000000.0,3848000000,2530000000,332000000,330000000,46611866.0,253000000000.0,110000000000.0,37771,2177534,18574000000.0,1.255005087
0.0,0.8130445,0.0,0.64450234,0.5166025,0.32323772,0.6530661,0.0,0.0,0.6376402,0.43633375,1.071023,0.8597017,0.0,0.0,1,55258000000.0,271000000000.0,94288000000.0,751000000000.0,4258000000,2800000000,344000000,370000000,51952630.0,281000000000.0,122000000000.0,37771,2178142,20708000000.0,0.975531793
0.0,0.8130445,0.0,0.64450234,0.5166025,0.32323772,0.6530661,0.0,0.0,0.6376402,0.43633375,1.071023,0.8597017,0.0,0.0,1,55252000000.0,271000000000.0,94284000000.0,751000000000.0,4264000000,2806000000,366000000,360000000,51904794.0,281000000000.0,122000000000.0,37771,2178142,20706000000.0,0.988882062
0.0,0.8130445,0.0,0.64450234,0.5166025,0.32323772,0.6530661,0.0,0.0,0.6376402,0.43633375,1.071023,0.8597017,0.0,0.0,1,55268000000.0,271000000000.0,94290000000.0,751000000000.0,4316000000,2806000000,368000000,356000000,51848337.0,281000000000.0,122000000000.0,37771,2178142,20660000000.0,0.975531793
0.0,0.8130445,0.0,0.64450234,0.5166025,0.32323772,0.6530661,0.0,0.0,0.6376402,0.43633375,1.071023,0.8597017,0.0,0.0,1,55288000000.0,271000000000.0,94300000000.0,751000000000.0,4296000000,2806000000,376000000,358000000,51752402.0,281000000000.0,122000000000.0,37771,2178142,20728000000.0,1.135648696
0.0,0.8130445,0.0,0.64450234,0.5166025,0.32323772,0.6530661,0.0,0.0,0.6376402,0.43633375,1.071023,0.8597017,0.0,0.0,1,60728000000.0,298000000000.0,104000000000.0,826000000000.0,4724000000,3086000000,408000000,448000000,57230461.0,309000000000.0,134000000000.0,37771,2178816,22796000000.0,0.885756726
0.0,0.81304437,0.0,0.6445023,0.51660246,0.32323775,0.653066,0.0,0.0,0.6376402,0.43633372,1.071023,0.85970163,0.0,0.0,1,60786000000.0,298000000000.0,104000000000.0,826000000000.0,4736000000,3090000000,412000000,414000000,57060699.0,309000000000.0,134000000000.0,37771,2178816,22602000000.0,0.891202489
