emb_col1_1,emb_col1_2,emb_col1_3,emb_col1_4,emb_col1_5,emb_col1_6,emb_col1_7,emb_col1_8,emb_col1_9,emb_col1_10,emb_col2_1,emb_col2_2,emb_col2_3,emb_col2_4,emb_col2_5,ranks,BR_INS,LD_INS,SR_INS,TOT_INS,L1_LDM,L1_STM,L2_LDM,L2_STM,FP_SINGLE,FP_DOUBLE,ARITH,IO Bytes Read,IO Bytes Written,MEM_WCY,rp
1.3500903,0.0,0.0,0.10888297,0.0,0.0,0.0,0.0,0.0,0.008886973,0.0,1.2028078,0.28428343,0.7387715,0.005434109,1,8876712.329,11150684.93,1589041.096,30821917.81,0,0,0,0,0.01369863,3622.712329,13368.06849,679.1643836,29.57534247,27397.26027,0.332
1.3500903,0.0,0.0,0.10888297,0.0,0.0,0.0,0.0,0.0,0.008886973,0.0,1.2028078,0.28428343,0.7387715,0.005434109,1,15781250.0,25093750.0,7468750.0,69437500.0,0,0,0,0,0.984375,1975172.781,3831526.828,116859.9219,10521.07813,593750.0,0.285591767
1.3500903,0.0,0.0,0.10888297,0.0,0.0,0.0,0.0,0.0,0.008886973,0.0,1.2028078,0.28428343,0.7387715,0.005434109,1,9287671.233,11643835.62,1726027.397,32273972.6,0,0,0,0,0.01369863,7577.205479,16587.67123,679.1643836,29.57534247,0.0,0.498498498
1.3500903,0.0,0.0,0.10888297,0.0,0.0,0.0,0.0,0.0,0.008886973,0.0,1.2028078,0.28428343,0.7387715,0.005434109,1,3863013.699,4876712.329,739726.0274,13479452.05,0,0,0,0,0.01369863,281.6575342,4973.356164,679.1643836,29.56164384,0.0,1.0
1.3500903,0.0,0.0,0.10888297,0.0,0.0,0.0,0.0,0.0,0.008886973,0.0,1.2028078,0.28428343,0.7387715,0.005434109,1,7156250.0,13937500.0,6093750.0,36375000.0,0,0,0,0,0.953125,178477.7344,766958.625,116859.9219,10521.03125,531250.0,0.166
1.3500903,0.0,0.0,0.10888297,0.0,0.0,0.0,0.0,0.0,0.008886973,0.0,1.2028078,0.28428343,0.7387715,0.005434109,1,7671232.877,9753424.658,1397260.274,26904109.59,0,0,0,0,0.01369863,37234.23288,75047.69863,679.1643836,29.61643836,0.0,1.0
1.3500903,0.0,0.0,0.10888297,0.0,0.0,0.0,0.0,0.0,0.008886973,0.0,1.2028078,0.28428343,0.7387715,0.005434109,1,2958904.11,3643835.616,493150.6849,10191780.82,0,0,0,0,0.01369863,718.3561644,4607.09589,679.1643836,29.5890411,27397.26027,1.0
1.3500903,0.0,0.0,0.10888297,0.0,0.0,0.0,0.0,0.0,0.008886973,0.0,1.2028078,0.28428343,0.7387715,0.005434109,1,9843750.0,18375000.0,7218750.0,50250000.0,0,0,0,0,0.859375,654315.5938,1302132.891,120629.5938,10860.26563,593750.0,0.333
1.3500903,0.0,0.0,0.10888297,0.0,0.0,0.0,0.0,0.0,0.008886973,0.0,1.2028078,0.28428343,0.7387715,0.005434109,1,7342465.753,9232876.712,1369863.014,25616438.36,0,0,0,0,0.02739726,1034.561644,16204.42466,679.1643836,29.56164384,0.0,1.0
1.3500903,0.0,0.0,0.10888297,0.0,0.0,0.0,0.0,0.0,0.008886973,0.0,1.2028078,0.28428343,0.7387715,0.005434109,1,19437500.0,30093750.0,8812500.0,84250000.0,0,0,0,0,0.8125,2317257.563,4088858.422,109320.5469,9842.6875,562500.0,0.166
1.3500903,0.0,0.0,0.10888297,0.0,0.0,0.0,0.0,0.0,0.008886973,0.0,1.2028078,0.28428343,0.7387715,0.005434109,1,15369863.01,19479452.05,2821917.808,53890410.96,0,0,0,0,0.01369863,4157.383562,34513.0411,679.1643836,29.60273973,0.0,0.498498498
1.3500903,0.0,0.0,0.10888297,0.0,0.0,0.0,0.0,0.0,0.008886973,0.0,1.2028078,0.28428343,0.7387715,0.005434109,1,5726027.397,7260273.973,1041095.89,19890410.96,0,0,0,0,0.02739726,381.8082192,3988.356164,679.1643836,29.56164384,0.0,0.498498498
1.3500903,0.0,0.0,0.10888297,0.0,0.0,0.0,0.0,0.0,0.008886973,0.0,1.2028078,0.28428343,0.7387715,0.005434109,1,12187500.0,20812500.0,6750000.0,55375000.0,0,0,0,0,0.484375,272115.2188,867816.0313,113090.3125,10181.82813,500000.0,0.166
1.3500903,0.0,0.0,0.10888297,0.0,0.0,0.0,0.0,0.0,0.008886973,0.0,1.2028078,0.28428343,0.7387715,0.005434109,1,21452054.79,26958904.11,3726027.397,74301369.86,0,0,0,0,0.01369863,37225.36986,83656.42466,679.1643836,29.61643836,0.0,1.0
1.3500903,0.0,0.0,0.10888297,0.0,0.0,0.0,0.0,0.0,0.008886973,0.0,1.2028078,0.28428343,0.7387715,0.005434109,1,6109589.041,7698630.137,1068493.151,21397260.27,0,0,0,0,0.01369863,463.3561644,3762.753425,679.1643836,29.56164384,0.0,1.0
1.3500903,0.0,0.0,0.10888297,0.0,0.0,0.0,0.0,0.0,0.008886973,0.0,1.2028078,0.28428343,0.7387715,0.005434109,1,15187500.0,25218750.0,7843750.0,67812500.0,0,0,0,0,0.703125,650619.1094,1400261.078,116859.875,10521.0,500000.0,0.333
1.3500903,0.0,0.0,0.10888297,0.0,0.0,0.0,0.0,0.0,0.008886973,0.0,1.2028078,0.28428343,0.7387715,0.005434109,1,4410958.904,5561643.836,767123.2877,15369863.01,0,0,0,0,0.01369863,1677.917808,11888.67123,679.1643836,29.56164384,27397.26027,0.498498498
1.3500903,0.0,0.0,0.10888297,0.0,0.0,0.0,0.0,0.0,0.008886973,0.0,1.2028078,0.28428343,0.7387715,0.005434109,1,14406250.0,24687500.0,9000000.0,66468750.0,250000,0,0,0,0.78125,2006658.859,4200660.641,116859.9844,10521.09375,531250.0,0.333
1.3500903,0.0,0.0,0.10888297,0.0,0.0,0.0,0.0,0.0,0.008886973,0.0,1.2028078,0.28428343,0.7387715,0.005434109,1,16191780.82,20575342.47,2931506.849,56794520.55,0,0,0,0,0.01369863,6887.821918,16282.42466,679.1643836,29.60273973,0.0,0.498498498
1.3500903,0.0,0.0,0.10888297,0.0,0.0,0.0,0.0,0.0,0.008886973,0.0,1.2028078,0.28428343,0.7387715,0.005434109,1,7616438.356,9561643.836,1369863.014,26520547.95,0,0,0,0,0.01369863,269.6849315,3809.246575,679.1643836,29.56164384,0.0,1.0
1.3500903,0.0,0.0,0.10888297,0.0,0.0,0.0,0.0,0.0,0.008886973,0.0,1.2028078,0.28428343,0.7387715,0.005434109,1,7343750.0,15187500.0,6031250.0,36750000.0,0,0,0,0,0.78125,253153.2656,770139.0781,116859.9844,10521.03125,500000.0,0.166
1.3500903,0.0,0.0,0.10888297,0.0,0.0,0.0,0.0,0.0,0.008886973,0.0,1.2028078,0.28428343,0.7387715,0.005434109,1,27780821.92,35205479.45,4958904.11,97178082.19,0,0,0,0,0.01369863,22305.0274,30771.83562,679.1643836,29.61643836,0.0,0.666
1.3500903,0.0,0.0,0.10888297,0.0,0.0,0.0,0.0,0.0,0.008886973,0.0,1.2028078,0.28428343,0.7387715,0.005434109,1,2958904.11,3671232.877,520547.9452,10328767.12,0,0,0,0,0.01369863,1092.589041,6528.027397,679.1643836,29.5890411,0.0,0.498498498
1.3500903,0.0,0.0,0.10888297,0.0,0.0,0.0,0.0,0.0,0.008886973,0.0,1.2028078,0.28428343,0.7387715,0.005434109,1,18406250.0,27468750.0,7406250.0,75250000.0,0,0,0,0,0.78125,686751.3906,1212462.047,120629.5938,10860.26563,593750.0,0.166
1.3500903,0.0,0.0,0.10888297,0.0,0.0,0.0,0.0,0.0,0.008886973,0.0,1.2028078,0.28428343,0.7387715,0.005434109,1,2904109.589,3698630.137,547945.2055,10273972.6,0,0,0,0,0.01369863,2853.315068,7294.945205,679.1643836,29.5890411,0.0,1.0
1.3500903,0.0,0.0,0.10888297,0.0,0.0,0.0,0.0,0.0,0.008886973,0.0,1.2028078,0.28428343,0.7387715,0.005434109,1,16468750.0,25343750.0,7625000.0,72656250.0,0,0,0,0,0.71875,2028748.359,4144357.844,113090.3281,10181.89063,593750.0,0.333
1.3500903,0.0,0.0,0.10888297,0.0,0.0,0.0,0.0,0.0,0.008886973,0.0,1.2028078,0.28428343,0.7387715,0.005434109,1,14849315.07,18794520.55,2575342.466,52000000.0,0,0,0,0,0.01369863,4054.027397,26155.50685,679.1643836,29.5890411,0.0,1.0
1.3500903,0.0,0.0,0.10888297,0.0,0.0,0.0,0.0,0.0,0.008886973,0.0,1.2028078,0.28428343,0.7387715,0.005434109,1,3972602.74,4904109.589,712328.7671,13753424.66,0,0,0,0,0.01369863,187.8493151,5181.712329,679.1643836,29.56164384,0.0,0.666
1.3500903,0.0,0.0,0.10888297,0.0,0.0,0.0,0.0,0.0,0.008886973,0.0,1.2028078,0.28428343,0.7387715,0.005434109,1,6843750.0,13562500.0,5593750.0,36500000.0,0,0,0,0,0.9375,185757.1719,735728.2656,120583.0938,10860.26563,687500.0,0.333
1.3500903,0.0,0.0,0.10888297,0.0,0.0,0.0,0.0,0.0,0.008886973,0.0,1.2028078,0.28428343,0.7387715,0.005434109,1,16849315.07,21315068.49,3041095.89,58958904.11,0,0,0,0,0.01369863,24045.36986,38779.76712,679.1643836,29.61643836,0.0,0.666
1.35009,0.0,0.0,0.10888297,0.0,0.0,0.0,0.0,0.0,0.0088869855,0.0,1.2028078,0.28428343,0.7387715,0.0054341126,1,6575342.466,8246575.342,1150684.932,22821917.81,0,0,0,0,0.01369863,660.6849315,4754.013699,679.1643836,29.56164384,27397.26027,0.666
1.35009,0.0,0.0,0.10888297,0.0,0.0,0.0,0.0,0.0,0.0088869855,0.0,1.2028078,0.28428343,0.7387715,0.0054341126,1,12406250.0,21500000.0,8593750.0,58906250.0,0,0,0,0,0.96875,779840.6875,1156311.453,116859.9219,10521.0625,625000.0,0.199279712
1.3500903,0.0,0.0,0.10888297,0.0,0.0,0.0,0.0,0.0,0.008886973,0.0,1.2028078,0.28428343,0.7387715,0.005434109,1,2630136.986,3287671.233,465753.4247,9150684.932,0,0,0,0,0.01369863,3414.561644,6885.027397,679.1643836,29.60273973,0.0,1.0
1.3500903,0.0,0.0,0.10888297,0.0,0.0,0.0,0.0,0.0,0.008886973,0.0,1.2028078,0.28428343,0.7387715,0.005434109,1,15125000.0,25593750.0,9843750.0,69937500.0,0,0,0,0,0.921875,2056234.672,3776054.172,113090.3281,10181.73438,718750.0,0.166
1.3500903,0.0,0.0,0.10888297,0.0,0.0,0.0,0.0,0.0,0.008886973,0.0,1.2028078,0.28428343,0.7387715,0.005434109,1,13671232.88,17315068.49,2410958.904,47917808.22,0,0,0,0,0.01369863,7457.808219,19044.08219,679.1643836,29.5890411,0.0,0.498498498
1.3500903,0.0,0.0,0.10888297,0.0,0.0,0.0,0.0,0.0,0.008886973,0.0,1.2028078,0.28428343,0.7387715,0.005434109,1,3041095.89,3835616.438,547945.2055,10712328.77,0,0,0,0,0.01369863,193.260274,5162.328767,679.1643836,29.56164384,0.0,0.498498498
1.3500903,0.0,0.0,0.10888297,0.0,0.0,0.0,0.0,0.0,0.008886973,0.0,1.2028078,0.28428343,0.7387715,0.005434109,1,10125000.0,16656250.0,5843750.0,46812500.0,0,0,0,0,0.796875,221407.8281,927063.5,120629.5938,10860.25,406250.0,0.333
1.3500903,0.0,0.0,0.10888297,0.0,0.0,0.0,0.0,0.0,0.008886973,0.0,1.2028078,0.28428343,0.7387715,0.005434109,1,19835616.44,25123287.67,3589041.096,69232876.71,0,0,0,0,0.01369863,31434.34247,48616.34247,679.1643836,29.57534247,0.0,0.666
1.3500903,0.0,0.0,0.10888297,0.0,0.0,0.0,0.0,0.0,0.008886973,0.0,1.2028078,0.28428343,0.7387715,0.005434109,1,1780821.918,2246575.342,328767.1233,6301369.863,0,0,0,0,0.01369863,698.260274,8706.876712,679.1643836,29.5890411,0.0,1.0
1.3500903,0.0,0.0,0.10888297,0.0,0.0,0.0,0.0,0.0,0.008886973,0.0,1.2028078,0.28428343,0.7387715,0.005434109,1,12343750.0,20062500.0,6531250.0,54687500.0,0,0,0,0,0.96875,717234.2656,1139449.969,116859.875,10521.0625,656250.0,0.333
1.3500903,0.0,0.0,0.10888297,0.0,0.0,0.0,0.0,0.0,0.008886973,0.0,1.2028078,0.28428343,0.7387715,0.005434109,1,10931506.85,13753424.66,1945205.479,38027397.26,0,0,0,0,0.01369863,1221.780822,8492.780822,679.1643836,29.60273973,0.0,1.0
1.3500903,0.0,0.0,0.10888297,0.0,0.0,0.0,0.0,0.0,0.008886973,0.0,1.2028078,0.28428343,0.7387715,0.005434109,1,16593750.0,26906250.0,10875000.0,76187500.0,375000,0,0,0,0.625,2009436.188,4330504.859,116859.875,10520.98438,625000.0,0.333
1.3500903,0.0,0.0,0.10888297,0.0,0.0,0.0,0.0,0.0,0.008886973,0.0,1.2028078,0.28428343,0.7387715,0.005434109,1,19123287.67,24136986.3,3452054.795,66657534.25,0,0,0,0,0.01369863,4745.767123,13218.0274,679.1643836,29.60273973,27397.26027,0.666
1.3500903,0.0,0.0,0.10888297,0.0,0.0,0.0,0.0,0.0,0.008886973,0.0,1.2028078,0.28428343,0.7387715,0.005434109,1,767123.2877,931506.8493,136986.3014,2630136.986,0,0,0,0,0.01369863,192.3013699,3243.60274,679.1643836,29.56164384,27397.26027,1.0
1.3500903,0.0,0.0,0.10888297,0.0,0.0,0.0,0.0,0.0,0.008886973,0.0,1.2028078,0.28428343,0.7387715,0.005434109,1,9968750.0,16625000.0,4875000.0,45000000.0,0,0,0,0,0.921875,269766.5,865091.875,116859.9375,10521.0625,500000.0,0.166
1.3500903,0.0,0.0,0.10888297,0.0,0.0,0.0,0.0,0.0,0.008886973,0.0,1.2028078,0.28428343,0.7387715,0.005434109,1,18164383.56,22958904.11,3287671.233,63616438.36,0,0,0,0,0.01369863,27946.64384,42561.65753,679.1643836,29.61643836,0.0,0.498498498
1.3500903,0.0,0.0,0.10888297,0.0,0.0,0.0,0.0,0.0,0.008886973,0.0,1.2028078,0.28428343,0.7387715,0.005434109,1,4630136.986,5808219.178,821917.8082,16000000.0,0,0,0,0,0.01369863,660.2465753,4813.90411,679.1643836,29.57534247,27397.26027,0.498498498
1.3500903,0.0,0.0,0.10888297,0.0,0.0,0.0,0.0,0.0,0.008886973,0.0,1.2028078,0.28428343,0.7387715,0.005434109,1,12218750.0,20000000.0,6625000.0,56812500.0,0,0,0,0,0.796875,741398.5781,1319753.313,113090.2656,10181.84375,593750.0,0.333
1.3500903,0.0,0.0,0.10888297,0.0,0.0,0.0,0.0,0.0,0.008886973,0.0,1.2028078,0.28428343,0.7387715,0.005434109,1,3561643.836,4520547.945,657534.2466,12657534.25,0,0,0,0,0.01369863,2049.630137,23426.54795,679.1643836,29.60273973,0.0,0.666
1.3500903,0.0,0.0,0.10888297,0.0,0.0,0.0,0.0,0.0,0.008886973,0.0,1.2028078,0.28428343,0.7387715,0.005434109,1,17531250.0,27000000.0,8562500.0,76093750.0,0,0,0,0,0.9375,1900796.047,4268571.609,113046.6406,10181.89063,468750.0,0.166
1.3500903,0.0,0.0,0.10888297,0.0,0.0,0.0,0.0,0.0,0.008886973,0.0,1.2028078,0.28428343,0.7387715,0.005434109,1,14602739.73,18438356.16,2630136.986,51041095.89,0,0,0,0,0.02739726,13693.90411,25007.41096,679.1643836,29.60273973,27397.26027,0.332
1.3500903,0.0,0.0,0.10888297,0.0,0.0,0.0,0.0,0.0,0.008886973,0.0,1.2028078,0.28428343,0.7387715,0.005434109,1,0.0,0.0,0.0,54794.52055,0,0,0,0,0.01369863,437.739726,4514.835616,679.1643836,29.56164384,0.0,0.498498498
1.3500903,0.0,0.0,0.10888297,0.0,0.0,0.0,0.0,0.0,0.008886973,0.0,1.2028078,0.28428343,0.7387715,0.005434109,1,13781250.0,23062500.0,7281250.0,60593750.0,0,0,0,0,0.59375,216924.6563,841512.7344,120629.5938,10860.26563,593750.0,0.333
1.3500903,0.0,0.0,0.10888297,0.0,0.0,0.0,0.0,0.0,0.008886973,0.0,1.2028078,0.28428343,0.7387715,0.005434109,1,20273972.6,25506849.32,3698630.137,70246575.34,0,0,0,0,0.02739726,22788.30137,138377.0274,679.1643836,29.63013699,27397.26027,0.498498498
1.3500903,0.0,0.0,0.10888297,0.0,0.0,0.0,0.0,0.0,0.008886973,0.0,1.2028078,0.28428343,0.7387715,0.005434109,1,1260273.973,1561643.836,219178.0822,4328767.123,0,0,0,0,0.01369863,380.2739726,5521.767123,679.1643836,29.5890411,27397.26027,1.0
1.3500903,0.0,0.0,0.10888297,0.0,0.0,0.0,0.0,0.0,0.008886973,0.0,1.2028078,0.28428343,0.7387715,0.005434109,1,17281250.0,26843750.0,7500000.0,72218750.0,0,0,0,0,0.953125,763477.8125,1194639.75,120629.5938,10860.28125,593750.0,0.333
1.3500903,0.0,0.0,0.10888297,0.0,0.0,0.0,0.0,0.0,0.008886973,0.0,1.2028078,0.28428343,0.7387715,0.005434109,1,6000000.0,7616438.356,1068493.151,20931506.85,0,0,0,0,0.01369863,5474.082192,12387.06849,679.1643836,29.5890411,0.0,1.0
1.3500903,0.0,0.0,0.10888297,0.0,0.0,0.0,0.0,0.0,0.008886973,0.0,1.2028078,0.28428343,0.7387715,0.005434109,1,16843750.0,27312500.0,9187500.0,78437500.0,593750,0,0,0,0.75,1811949.391,4322019.375,113046.7656,10181.875,750000.0,0.333
1.3500903,0.0,0.0,0.10888297,0.0,0.0,0.0,0.0,0.0,0.008886973,0.0,1.2028078,0.28428343,0.7387715,0.005434109,1,10493150.68,13232876.71,1890410.959,36602739.73,0,0,0,0,0.01369863,4044.69863,31527.90411,679.1643836,29.60273973,0.0,1.0
1.3500903,0.0,0.0,0.10888297,0.0,0.0,0.0,0.0,0.0,0.008886973,0.0,1.2028078,0.28428343,0.7387715,0.005434109,1,27397.26027,27397.26027,0.0,82191.78082,0,0,0,0,0.02739726,122.7534247,4229.219178,679.1643836,29.56164384,0.0,0.498498498
1.3500903,0.0,0.0,0.10888297,0.0,0.0,0.0,0.0,0.0,0.008886973,0.0,1.2028078,0.28428343,0.7387715,0.005434109,1,15187500.0,23062500.0,6843750.0,61281250.0,0,0,0,0,0.5625,270582.875,858488.2188,105550.9375,9503.421875,531250.0,0.333
1.3500903,0.0,0.0,0.10888297,0.0,0.0,0.0,0.0,0.0,0.008886973,0.0,1.2028078,0.28428343,0.7387715,0.005434109,1,15616438.36,19726027.4,2794520.548,54575342.47,0,0,0,0,0.01369863,19901.54795,138633.863,679.1643836,29.63013699,0.0,0.498498498
1.35009,0.0,0.0,0.10888297,0.0,0.0,0.0,0.0,0.0,0.0088869855,0.0,1.2028078,0.28428343,0.7387715,0.0054341126,1,3342465.753,4219178.082,630136.9863,11726027.4,0,0,0,0,0.01369863,399.6849315,5256.890411,679.1643836,29.5890411,27397.26027,1.0
1.35009,0.0,0.0,0.10888297,0.0,0.0,0.0,0.0,0.0,0.0088869855,0.0,1.2028078,0.28428343,0.7387715,0.0054341126,1,9656250.0,16218750.0,6093750.0,46781250.0,0,0,0,0,0.984375,792912.5781,1369656.0,113090.3281,10181.85938,781250.0,0.399759904
1.3500903,0.0,0.0,0.10888297,0.0,0.0,0.0,0.0,0.0,0.008886973,0.0,1.2028078,0.28428343,0.7387715,0.005434109,1,6986301.37,8821917.808,1232876.712,24273972.6,0,0,0,0,0.01369863,2393.876712,7500.958904,679.1643836,29.5890411,27397.26027,1.0
1.3500903,0.0,0.0,0.10888297,0.0,0.0,0.0,0.0,0.0,0.008886973,0.0,1.2028078,0.28428343,0.7387715,0.005434109,1,12375000.0,20875000.0,8625000.0,58843750.0,468750,0,0,0,0.828125,1956802.813,4100009.188,113090.2656,10181.89063,656250.0,0.333
1.3500903,0.0,0.0,0.10888297,0.0,0.0,0.0,0.0,0.0,0.008886973,0.0,1.2028078,0.28428343,0.7387715,0.005434109,1,16684931.51,21013698.63,3123287.671,57972602.74,0,0,0,0,0.01369863,5697.273973,33332.06849,679.1643836,29.57534247,0.0,1.0
1.3500903,0.0,0.0,0.10888297,0.0,0.0,0.0,0.0,0.0,0.008886973,0.0,1.2028078,0.28428343,0.7387715,0.005434109,1,1369863.014,1698630.137,246575.3425,4602739.726,0,0,0,0,0.01369863,104.8630137,3757.123288,679.1643836,29.57534247,0.0,1.0
1.3500903,0.0,0.0,0.10888297,0.0,0.0,0.0,0.0,0.0,0.008886973,0.0,1.2028078,0.28428343,0.7387715,0.005434109,1,10218750.0,16375000.0,6250000.0,46718750.0,0,0,0,0,0.6875,198214.2656,685533.8281,113090.2031,10181.85938,718750.0,0.333
1.3500903,0.0,0.0,0.10888297,0.0,0.0,0.0,0.0,0.0,0.008886973,0.0,1.2028078,0.28428343,0.7387715,0.005434109,1,22082191.78,27753424.66,3945205.479,76876712.33,0,0,0,0,0.01369863,22742.84932,78255.49315,679.1643836,29.61643836,0.0,0.498498498
1.3500903,0.0,0.0,0.10888297,0.0,0.0,0.0,0.0,0.0,0.008886973,0.0,1.2028078,0.28428343,0.7387715,0.005434109,1,3178082.192,4000000.0,575342.4658,11095890.41,0,0,0,0,0.01369863,808.8630137,4603.068493,679.1643836,29.60273973,27397.26027,0.332
1.3500903,0.0,0.0,0.10888297,0.0,0.0,0.0,0.0,0.0,0.008886973,0.0,1.2028078,0.28428343,0.7387715,0.005434109,1,11125000.0,18406250.0,6437500.0,51031250.0,0,0,0,0,0.953125,767378.7656,1372052.406,116859.9844,10521.0625,656250.0,0.166
1.3500903,0.0,0.0,0.10888297,0.0,0.0,0.0,0.0,0.0,0.008886973,0.0,1.2028078,0.28428343,0.7387715,0.005434109,1,11917808.22,15013698.63,2109589.041,41534246.58,0,0,0,0,0.0,1336.726027,6645.39726,679.1643836,29.57534247,0.0,0.332
1.3500903,0.0,0.0,0.10888297,0.0,0.0,0.0,0.0,0.0,0.008886973,0.0,1.2028078,0.28428343,0.7387715,0.005434109,1,28281250.0,43812500.0,12000000.0,121093750.0,0,0,0,0,0.0,1907090.422,3225827.984,120583.0938,10860.29688,562500.0,0.142367067
1.3500903,0.0,0.0,0.10888297,0.0,0.0,0.0,0.0,0.0,0.008886973,0.0,1.2028078,0.28428343,0.7387715,0.005434109,1,7013698.63,8849315.068,1287671.233,24493150.68,0,0,0,0,0.0,4086.232877,21770.08219,679.1643836,29.5890411,27397.26027,0.666
1.3500903,0.0,0.0,0.10888297,0.0,0.0,0.0,0.0,0.0,0.008886973,0.0,1.2028078,0.28428343,0.7387715,0.005434109,1,2931506.849,3671232.877,493150.6849,10191780.82,0,0,0,0,0.0,149.8082192,3551.945205,679.1643836,29.57534247,0.0,1.0
1.3500903,0.0,0.0,0.10888297,0.0,0.0,0.0,0.0,0.0,0.008886973,0.0,1.2028078,0.28428343,0.7387715,0.005434109,1,12250000.0,19875000.0,7062500.0,52812500.0,0,0,0,0,0.0,167728.4531,570472.375,109274.9688,9842.59375,500000.0,0.083
1.3500903,0.0,0.0,0.10888297,0.0,0.0,0.0,0.0,0.0,0.008886973,0.0,1.2028078,0.28428343,0.7387715,0.005434109,1,10821917.81,13616438.36,1945205.479,37589041.1,0,0,0,0,0.0,47736.50685,40828.86301,679.1643836,29.63013699,0.0,0.498498498
1.3500903,0.0,0.0,0.10888297,0.0,0.0,0.0,0.0,0.0,0.008886973,0.0,1.2028078,0.28428343,0.7387715,0.005434109,1,4219178.082,5369863.014,767123.2877,14794520.55,0,0,0,0,0.0,1394.205479,3695.493151,679.1643836,29.56164384,0.0,0.666
1.3500903,0.0,0.0,0.10888297,0.0,0.0,0.0,0.0,0.0,0.008886973,0.0,1.2028078,0.28428343,0.7387715,0.005434109,1,7906250.0,15343750.0,7437500.0,40656250.0,0,0,0,0,0.0,620429.1563,1381046.625,116814.9375,10521.0625,250000.0,0.142367067
1.3500903,0.0,0.0,0.10888297,0.0,0.0,0.0,0.0,0.0,0.008886973,0.0,1.2028078,0.28428343,0.7387715,0.005434109,1,9479452.055,12027397.26,1698630.137,33205479.45,0,0,0,0,0.0,2852.90411,9799.39726,679.1643836,29.5890411,0.0,1.0
1.3500903,0.0,0.0,0.10888297,0.0,0.0,0.0,0.0,0.0,0.008886973,0.0,1.2028078,0.28428343,0.7387715,0.005434109,1,16593750.0,27625000.0,8437500.0,73937500.0,0,0,0,0,0.0,1751984.531,3031147.891,105550.9375,9503.46875,468750.0,0.5
1.3500903,0.0,0.0,0.10888297,0.0,0.0,0.0,0.0,0.0,0.008886973,0.0,1.2028078,0.28428343,0.7387715,0.005434109,1,9589041.096,12082191.78,1780821.918,33479452.05,0,0,0,0,0.0,10693.12329,21481.58904,679.1643836,29.60273973,0.0,1.0
1.3500903,0.0,0.0,0.10888297,0.0,0.0,0.0,0.0,0.0,0.008886973,0.0,1.2028078,0.28428343,0.7387715,0.005434109,1,0.0,27397.26027,0.0,82191.78082,0,0,0,0,0.0,120.8767123,3809.027397,679.1643836,29.57534247,0.0,1.0
1.3500903,0.0,0.0,0.10888297,0.0,0.0,0.0,0.0,0.0,0.008886973,0.0,1.2028078,0.28428343,0.7387715,0.005434109,1,10750000.0,18156250.0,6968750.0,48781250.0,0,0,0,0,0.0,195127.625,570307.7656,116814.9219,10521.01563,625000.0,0.333
1.3500903,0.0,0.0,0.10888297,0.0,0.0,0.0,0.0,0.0,0.008886973,0.0,1.2028078,0.28428343,0.7387715,0.005434109,1,15178082.19,19123287.67,2739726.027,53013698.63,0,0,0,0,0.0,32722.0137,30676.10959,679.1643836,29.63013699,0.0,0.332
1.3500903,0.0,0.0,0.10888297,0.0,0.0,0.0,0.0,0.0,0.008886973,0.0,1.2028078,0.28428343,0.7387715,0.005434109,1,4575342.466,5671232.877,821917.8082,15780821.92,0,0,0,0,0.0,507.7123288,5645.589041,679.1643836,29.57534247,27397.26027,1.0
1.3500903,0.0,0.0,0.10888297,0.0,0.0,0.0,0.0,0.0,0.008886973,0.0,1.2028078,0.28428343,0.7387715,0.005434109,1,18656250.0,28218750.0,9437500.0,78125000.0,0,0,0,0,0.0,559720.5938,1363067.375,109278.4688,9842.625,500000.0,0.285591767
1.3500903,0.0,0.0,0.10888297,0.0,0.0,0.0,0.0,0.0,0.008886973,0.0,1.2028078,0.28428343,0.7387715,0.005434109,1,3561643.836,4410958.904,630136.9863,12328767.12,0,0,0,0,0.0,1451.424658,11024.68493,679.1643836,29.5890411,0.0,0.332
1.3500903,0.0,0.0,0.10888297,0.0,0.0,0.0,0.0,0.0,0.008886973,0.0,1.2028078,0.28428343,0.7387715,0.005434109,1,15406250.0,25500000.0,9062500.0,68218750.0,0,0,0,0,0.0,1781093.25,3133180.734,120629.5938,10860.3125,562500.0,0.333
1.3500903,0.0,0.0,0.10888297,0.0,0.0,0.0,0.0,0.0,0.008886973,0.0,1.2028078,0.28428343,0.7387715,0.005434109,1,6410958.904,8054794.521,1150684.932,22356164.38,0,0,0,0,0.0,3742.465753,26600.41096,679.1643836,29.60273973,0.0,0.498498498
1.3500903,0.0,0.0,0.10888297,0.0,0.0,0.0,0.0,0.0,0.008886973,0.0,1.2028078,0.28428343,0.7387715,0.005434109,1,4273972.603,5369863.014,821917.8082,14876712.33,0,0,0,0,0.0,129.8493151,3332.547945,679.1643836,29.57534247,0.0,0.332
1.3500903,0.0,0.0,0.10888297,0.0,0.0,0.0,0.0,0.0,0.008886973,0.0,1.2028078,0.28428343,0.7387715,0.005434109,1,12812500.0,19937500.0,6531250.0,55000000.0,0,0,0,0,0.0,124768.0625,579105.5,120629.5938,10860.25,593750.0,0.333
1.3500903,0.0,0.0,0.10888297,0.0,0.0,0.0,0.0,0.0,0.008886973,0.0,1.2028078,0.28428343,0.7387715,0.005434109,1,9013698.63,11506849.32,1589041.096,31835616.44,0,0,0,0,0.0,12820.24658,42804.35616,679.1643836,29.61643836,0.0,0.666
1.35009,0.0,0.0,0.10888297,0.0,0.0,0.0,0.0,0.0,0.0088869855,0.0,1.2028078,0.28428343,0.7387715,0.0054341126,1,3095890.411,3890410.959,547945.2055,10849315.07,0,0,0,0,0.0,459.5342466,4796.616438,679.1643836,29.57534247,0.0,0.666
1.35009,0.0,0.0,0.10888297,0.0,0.0,0.0,0.0,0.0,0.0088869855,0.0,1.2028078,0.28428343,0.7387715,0.0054341126,1,12312500.0,20656250.0,7531250.0,56000000.0,0,0,0,0,0.0,572542.0781,1228258.391,120629.5938,10860.26563,531250.0,0.166
1.3500903,0.0,0.0,0.10888297,0.0,0.0,0.0,0.0,0.0,0.008886973,0.0,1.2028078,0.28428343,0.7387715,0.005434109,1,11589041.1,14657534.25,2136986.301,40465753.42,0,0,0,0,0.0,3607.986301,10110.57534,679.0684932,29.61643836,27397.26027,1.0
1.3500903,0.0,0.0,0.10888297,0.0,0.0,0.0,0.0,0.0,0.008886973,0.0,1.2028078,0.28428343,0.7387715,0.005434109,1,11031250.0,19000000.0,7687500.0,51312500.0,437500,0,0,0,0.0,1784416.391,3038311.359,120583.0938,10860.3125,656250.0,0.166
1.3500903,0.0,0.0,0.10888297,0.0,0.0,0.0,0.0,0.0,0.008886973,0.0,1.2028078,0.28428343,0.7387715,0.005434109,1,23780821.92,30027397.26,4246575.342,83205479.45,0,0,0,0,0.0,4518.657534,14228.9589,679.1643836,29.5890411,27397.26027,1.0
1.3500903,0.0,0.0,0.10888297,0.0,0.0,0.0,0.0,0.0,0.008886973,0.0,1.2028078,0.28428343,0.7387715,0.005434109,1,2986301.37,3753424.658,520547.9452,10356164.38,0,0,0,0,0.0,188.7671233,4008.30137,679.1643836,29.54794521,27397.26027,0.332
1.3500903,0.0,0.0,0.10888297,0.0,0.0,0.0,0.0,0.0,0.008886973,0.0,1.2028078,0.28428343,0.7387715,0.005434109,1,8031250.0,15656250.0,7062500.0,41125000.0,0,0,0,0,0.0,192483.5469,589896.4219,116859.875,10521.0625,500000.0,0.166
1.3500903,0.0,0.0,0.10888297,0.0,0.0,0.0,0.0,0.0,0.008886973,0.0,1.2028078,0.28428343,0.7387715,0.005434109,1,15589041.1,19780821.92,2849315.068,54465753.42,0,0,0,0,0.0,14769.0411,51299.60274,679.1643836,29.61643836,0.0,0.666
1.3500903,0.0,0.0,0.10888297,0.0,0.0,0.0,0.0,0.0,0.008886973,0.0,1.2028078,0.28428343,0.7387715,0.005434109,1,3972602.74,4986301.37,739726.0274,13890410.96,0,0,0,0,0.0,383.8767123,4445.561644,679.1643836,29.5890411,0.0,0.498498498
1.3500903,0.0,0.0,0.10888297,0.0,0.0,0.0,0.0,0.0,0.008886973,0.0,1.2028078,0.28428343,0.7387715,0.005434109,1,9406250.0,18781250.0,7718750.0,48406250.0,0,0,0,0,0.0,558034.1875,1238279.641,113046.7031,10181.85938,656250.0,0.285591767
1.3500903,0.0,0.0,0.10888297,0.0,0.0,0.0,0.0,0.0,0.008886973,0.0,1.2028078,0.28428343,0.7387715,0.005434109,1,15342465.75,19315068.49,2739726.027,53424657.53,0,0,0,0,0.0,4032.356164,5827.520548,679.1643836,29.57534247,0.0,1.0
1.3500903,0.0,0.0,0.10888297,0.0,0.0,0.0,0.0,0.0,0.008886973,0.0,1.2028078,0.28428343,0.7387715,0.005434109,1,15187500.0,26093750.0,9937500.0,72281250.0,625000,0,0,0,0.0,1795365.391,3296491.25,113090.3281,10181.875,593750.0,0.5
1.3500903,0.0,0.0,0.10888297,0.0,0.0,0.0,0.0,0.0,0.008886973,0.0,1.2028078,0.28428343,0.7387715,0.005434109,1,6136986.301,7698630.137,1123287.671,21369863.01,0,0,0,0,0.0,6872.684932,18525.09589,679.1643836,29.60273973,0.0,0.666
1.3500903,0.0,0.0,0.10888297,0.0,0.0,0.0,0.0,0.0,0.008886973,0.0,1.2028078,0.28428343,0.7387715,0.005434109,1,3890410.959,4849315.068,739726.0274,13589041.1,0,0,0,0,0.0,171.4383562,3784.767123,679.1643836,29.5890411,0.0,2.006024096
1.3500903,0.0,0.0,0.10888297,0.0,0.0,0.0,0.0,0.0,0.008886973,0.0,1.2028078,0.28428343,0.7387715,0.005434109,1,7031250.0,13312500.0,5968750.0,34875000.0,0,0,0,0,0.0,182219.9063,582722.9219,120583.0938,10860.26563,562500.0,0.333
1.3500903,0.0,0.0,0.10888297,0.0,0.0,0.0,0.0,0.0,0.008886973,0.0,1.2028078,0.28428343,0.7387715,0.005434109,1,14328767.12,18164383.56,2602739.726,50136986.3,0,0,0,0,0.0,29117.9589,54704.15068,679.1643836,29.63013699,0.0,1.0
1.3500903,0.0,0.0,0.10888297,0.0,0.0,0.0,0.0,0.0,0.008886973,0.0,1.2028078,0.28428343,0.7387715,0.005434109,1,2931506.849,3726027.397,575342.4658,10273972.6,0,0,0,0,0.0,732.0684932,4743.958904,679.1643836,29.5890411,0.0,0.498498498
1.3500903,0.0,0.0,0.10888297,0.0,0.0,0.0,0.0,0.0,0.008886973,0.0,1.2028078,0.28428343,0.7387715,0.005434109,1,14218750.0,21656250.0,7187500.0,60187500.0,0,0,0,0,0.0,633187.7813,1400825.172,109320.6094,9842.65625,656250.0,0.142367067
1.3500903,0.0,0.0,0.10888297,0.0,0.0,0.0,0.0,0.0,0.008886973,0.0,1.2028078,0.28428343,0.7387715,0.005434109,1,6383561.644,8136986.301,1178082.192,22465753.42,0,0,0,0,0.0,2005.493151,9060.835616,679.1643836,29.61643836,0.0,1.0
1.3500903,0.0,0.0,0.10888297,0.0,0.0,0.0,0.0,0.0,0.008886973,0.0,1.2028078,0.28428343,0.7387715,0.005434109,1,18250000.0,31062500.0,9125000.0,83156250.0,0,0,0,0,0.0,1743464.719,3286065.469,116814.8594,10521.09375,843750.0,0.333
1.3500903,0.0,0.0,0.10888297,0.0,0.0,0.0,0.0,0.0,0.008886973,0.0,1.2028078,0.28428343,0.7387715,0.005434109,1,10054794.52,12821917.81,1835616.438,35178082.19,0,0,0,0,0.0,10335.13699,14159.90411,679.1643836,29.5890411,0.0,0.666
1.3500903,0.0,0.0,0.10888297,0.0,0.0,0.0,0.0,0.0,0.008886973,0.0,1.2028078,0.28428343,0.7387715,0.005434109,1,0.0,0.0,0.0,82191.78082,0,0,0,0,0.0,191.6438356,3536.205479,679.1643836,29.57534247,0.0,1.0
1.3500903,0.0,0.0,0.10888297,0.0,0.0,0.0,0.0,0.0,0.008886973,0.0,1.2028078,0.28428343,0.7387715,0.005434109,1,9468750.0,16468750.0,5687500.0,43187500.0,0,0,0,0,0.0,161348.7344,614643.4531,120583.0938,10860.26563,406250.0,0.285591767
1.3500903,0.0,0.0,0.10888297,0.0,0.0,0.0,0.0,0.0,0.008886973,0.0,1.2028078,0.28428343,0.7387715,0.005434109,1,33671232.88,42520547.95,6164383.562,117890411.0,0,0,0,0,0.0,35046.20548,47856.78082,679.1643836,29.61643836,0.0,0.666
1.3500903,0.0,0.0,0.10888297,0.0,0.0,0.0,0.0,0.0,0.008886973,0.0,1.2028078,0.28428343,0.7387715,0.005434109,1,5534246.575,6958904.11,986301.3699,19232876.71,0,0,0,0,0.0,495.5616438,4515.780822,679.1643836,29.57534247,27397.26027,0.666
1.3500903,0.0,0.0,0.10888297,0.0,0.0,0.0,0.0,0.0,0.008886973,0.0,1.2028078,0.28428343,0.7387715,0.005434109,1,14031250.0,24218750.0,9062500.0,66781250.0,0,0,0,0,0.0,659823.3438,1503162.25,116859.9844,10521.04688,562500.0,0.333
1.3500903,0.0,0.0,0.10888297,0.0,0.0,0.0,0.0,0.0,0.008886973,0.0,1.2028078,0.28428343,0.7387715,0.005434109,1,11041095.89,13972602.74,1972602.74,38520547.95,0,0,0,0,0.0,6028.109589,10121.72603,679.1643836,29.5890411,27397.26027,0.666
1.3500903,0.0,0.0,0.10888297,0.0,0.0,0.0,0.0,0.0,0.008886973,0.0,1.2028078,0.28428343,0.7387715,0.005434109,1,16250000.0,26500000.0,9593750.0,74062500.0,0,0,0,0,0.0,1791076.094,3150466.734,116859.9219,10521.07813,750000.0,0.285591767
1.3500903,0.0,0.0,0.10888297,0.0,0.0,0.0,0.0,0.0,0.008886973,0.0,1.2028078,0.28428343,0.7387715,0.005434109,1,13726027.4,17315068.49,2520547.945,48082191.78,0,0,0,0,0.0,6983.616438,14196.19178,679.1643836,29.60273973,27397.26027,0.332
1.3500903,0.0,0.0,0.10888297,0.0,0.0,0.0,0.0,0.0,0.008886973,0.0,1.2028078,0.28428343,0.7387715,0.005434109,1,0.0,27397.26027,0.0,109589.0411,0,0,0,0,0.0,154.6438356,3689.369863,679.1643836,29.57534247,0.0,1.0
1.3500903,0.0,0.0,0.10888297,0.0,0.0,0.0,0.0,0.0,0.008886973,0.0,1.2028078,0.28428343,0.7387715,0.005434109,1,14031250.0,21531250.0,7125000.0,58687500.0,0,0,0,0,0.0,169841.625,655898.8125,120629.5938,10860.26563,218750.0,0.333
1.3500903,0.0,0.0,0.10888297,0.0,0.0,0.0,0.0,0.0,0.008886973,0.0,1.2028078,0.28428343,0.7387715,0.005434109,1,15698630.14,19808219.18,2849315.068,54767123.29,0,0,0,0,0.0,16474.80822,51421.16438,679.1643836,29.61643836,27397.26027,0.666
1.35009,0.0,0.0,0.10888297,0.0,0.0,0.0,0.0,0.0,0.0088869855,0.0,1.2028078,0.28428343,0.7387715,0.0054341126,1,4712328.767,5945205.479,876712.3288,16438356.16,0,0,0,0,0.0,481.8356164,11763.34247,679.1643836,29.5890411,27397.26027,1.0
1.35009,0.0,0.0,0.10888297,0.0,0.0,0.0,0.0,0.0,0.0088869855,0.0,1.2028078,0.28428343,0.7387715,0.0054341126,1,16687500.0,27093750.0,9906250.0,73281250.0,0,0,0,0,0.0,527616.875,1382832.313,113043.0625,10181.84375,468750.0,0.333
1.3500903,0.0,0.0,0.10888297,0.0,0.0,0.0,0.0,0.0,0.008886973,0.0,1.2028078,0.28428343,0.7387715,0.005434109,1,10849315.07,13835616.44,1917808.219,38136986.3,0,0,0,0,0.0,3255.630137,10593.08219,679.1643836,29.60273973,0.0,1.0
1.3500903,0.0,0.0,0.10888297,0.0,0.0,0.0,0.0,0.0,0.008886973,0.0,1.2028078,0.28428343,0.7387715,0.005434109,1,17750000.0,29625000.0,10750000.0,79656250.0,0,0,0,0,0.0,1678615.297,3099996.234,113090.2188,10181.90625,562500.0,0.166
1.3500903,0.0,0.0,0.10888297,0.0,0.0,0.0,0.0,0.0,0.008886973,0.0,1.2028078,0.28428343,0.7387715,0.005434109,1,11013698.63,13863013.7,1972602.74,38520547.95,0,0,0,0,0.0,12469.42466,22242.10959,679.1643836,29.60273973,27397.26027,1.0
1.3500903,0.0,0.0,0.10888297,0.0,0.0,0.0,0.0,0.0,0.008886973,0.0,1.2028078,0.28428343,0.7387715,0.005434109,1,4438356.164,5589041.096,821917.8082,15506849.32,0,0,0,0,0.0,325.7671233,3680.424658,679.1643836,29.57534247,0.0,0.666
1.3500903,0.0,0.0,0.10888297,0.0,0.0,0.0,0.0,0.0,0.008886973,0.0,1.2028078,0.28428343,0.7387715,0.005434109,1,13656250.0,22406250.0,7312500.0,61093750.0,0,0,0,0,0.0,218375.1719,624279.3281,116859.9844,10521.04688,593750.0,0.285591767
1.3500903,0.0,0.0,0.10888297,0.0,0.0,0.0,0.0,0.0,0.008886973,0.0,1.2028078,0.28428343,0.7387715,0.005434109,1,26465753.42,33506849.32,4712328.767,92438356.16,0,0,0,0,0.0,28807.64384,35882.05479,679.1643836,29.64383562,0.0,1.501501502
1.3500903,0.0,0.0,0.10888297,0.0,0.0,0.0,0.0,0.0,0.008886973,0.0,1.2028078,0.28428343,0.7387715,0.005434109,1,5369863.014,6794520.548,931506.8493,18767123.29,0,0,0,0,0.0,623.0,4969.794521,679.1643836,29.60273973,0.0,0.498498498
1.3500903,0.0,0.0,0.10888297,0.0,0.0,0.0,0.0,0.0,0.008886973,0.0,1.2028078,0.28428343,0.7387715,0.005434109,1,13312500.0,22218750.0,9250000.0,62468750.0,0,0,0,0,0.0,609933.1094,1527162.656,116859.9219,10521.0625,531250.0,0.142367067
1.3500903,0.0,0.0,0.10888297,0.0,0.0,0.0,0.0,0.0,0.008886973,0.0,1.2028078,0.28428343,0.7387715,0.005434109,1,4356164.384,5506849.315,794520.5479,15205479.45,0,0,0,0,0.0,1221.739726,11382.0411,679.1643836,29.60273973,0.0,1.0
1.3500903,0.0,0.0,0.10888297,0.0,0.0,0.0,0.0,0.0,0.008886973,0.0,1.2028078,0.28428343,0.7387715,0.005434109,1,14781250.0,26000000.0,10000000.0,70406250.0,593750,0,0,0,0.0,1968643.938,3431757.75,109278.5469,9842.6875,625000.0,0.285591767
1.3500903,0.0,0.0,0.10888297,0.0,0.0,0.0,0.0,0.0,0.008886973,0.0,1.2028078,0.28428343,0.7387715,0.005434109,1,8986301.37,11452054.79,1561643.836,31506849.32,0,0,0,0,0.0,5732.767123,19262.16438,679.1643836,29.5890411,27397.26027,1.0
1.3500903,0.0,0.0,0.10888297,0.0,0.0,0.0,0.0,0.0,0.008886973,0.0,1.2028078,0.28428343,0.7387715,0.005434109,1,1506849.315,1890410.959,246575.3425,5260273.973,0,0,0,0,0.0,196.1780822,4589.123288,679.1643836,29.54794521,27397.26027,0.332
1.3500903,0.0,0.0,0.10888297,0.0,0.0,0.0,0.0,0.0,0.008886973,0.0,1.2028078,0.28428343,0.7387715,0.005434109,1,7718750.0,15718750.0,6906250.0,42281250.0,0,0,0,0,0.0,161262.7188,585617.5469,113046.7656,10181.71875,468750.0,0.399759904
1.3500903,0.0,0.0,0.10888297,0.0,0.0,0.0,0.0,0.0,0.008886973,0.0,1.2028078,0.28428343,0.7387715,0.005434109,1,31616438.36,39890410.96,5753424.658,110383561.6,0,0,0,0,0.0,27736.9863,63279.39726,679.1643836,29.63013699,27397.26027,0.498498498
1.3500903,0.0,0.0,0.10888297,0.0,0.0,0.0,0.0,0.0,0.008886973,0.0,1.2028078,0.28428343,0.7387715,0.005434109,1,9232876.712,11753424.66,1698630.137,32465753.42,0,0,0,0,0.0,559.369863,6276.890411,679.1643836,29.57534247,27397.26027,0.498498498
1.3500903,0.0,0.0,0.10888297,0.0,0.0,0.0,0.0,0.0,0.008886973,0.0,1.2028078,0.28428343,0.7387715,0.005434109,1,18312500.0,26875000.0,8468750.0,73375000.0,0,0,0,0,0.0,574484.1719,1439482.672,105550.9375,9503.4375,468750.0,0.142367067
1.3500903,0.0,0.0,0.10888297,0.0,0.0,0.0,0.0,0.0,0.008886973,0.0,1.2028078,0.28428343,0.7387715,0.005434109,1,3369863.014,4273972.603,630136.9863,11780821.92,0,0,0,0,0.01369863,6047.657534,9217.575342,679.1643836,29.60273973,0.0,1.0
1.3500903,0.0,0.0,0.10888297,0.0,0.0,0.0,0.0,0.0,0.008886973,0.0,1.2028078,0.28428343,0.7387715,0.005434109,1,17781250.0,28937500.0,10343750.0,81625000.0,0,0,0,0,0.71875,2246103.766,4139019.563,116814.9375,10521.07813,625000.0,0.142367067
1.3500903,0.0,0.0,0.10888297,0.0,0.0,0.0,0.0,0.0,0.008886973,0.0,1.2028078,0.28428343,0.7387715,0.005434109,1,7424657.534,9397260.274,1342465.753,26054794.52,0,0,0,0,0.01369863,13011.13699,22953.0411,679.1643836,29.53424658,0.0,0.498498498
1.3500903,0.0,0.0,0.10888297,0.0,0.0,0.0,0.0,0.0,0.008886973,0.0,1.2028078,0.28428343,0.7387715,0.005434109,1,4767123.288,6027397.26,876712.3288,16684931.51,0,0,0,0,0.01369863,155.5205479,4569.69863,679.1643836,29.56164384,0.0,0.498498498
1.3500903,0.0,0.0,0.10888297,0.0,0.0,0.0,0.0,0.0,0.008886973,0.0,1.2028078,0.28428343,0.7387715,0.005434109,1,10875000.0,20312500.0,7343750.0,51312500.0,0,0,0,0,0.484375,233076.5625,747067.2813,113046.7031,10181.84375,468750.0,0.285591767
1.3500903,0.0,0.0,0.10888297,0.0,0.0,0.0,0.0,0.0,0.008886973,0.0,1.2028078,0.28428343,0.7387715,0.005434109,1,21205479.45,26849315.07,3863013.699,74191780.82,0,0,0,0,0.01369863,14516.69863,39769.23288,679.1643836,29.60273973,27397.26027,1.0
1.3500903,0.0,0.0,0.10888297,0.0,0.0,0.0,0.0,0.0,0.008886973,0.0,1.2028078,0.28428343,0.7387715,0.005434109,1,2986301.37,3726027.397,520547.9452,10438356.16,0,0,0,0,0.01369863,977.4246575,4018.520548,679.1643836,29.56164384,0.0,0.498498498
1.3500903,0.0,0.0,0.10888297,0.0,0.0,0.0,0.0,0.0,0.008886973,0.0,1.2028078,0.28428343,0.7387715,0.005434109,1,10218750.0,19531250.0,8187500.0,52625000.0,0,0,0,0,0.515625,589258.2969,1416021.5,120583.0938,10860.26563,468750.0,0.333
1.3500903,0.0,0.0,0.10888297,0.0,0.0,0.0,0.0,0.0,0.008886973,0.0,1.2028078,0.28428343,0.7387715,0.005434109,1,2383561.644,3095890.411,465753.4247,8493150.685,0,0,0,0,0.01369863,3865.671233,7464.534247,679.1643836,29.60273973,27397.26027,1.0
1.3500903,0.0,0.0,0.10888297,0.0,0.0,0.0,0.0,0.0,0.008886973,0.0,1.2028078,0.28428343,0.7387715,0.005434109,1,12750000.0,23125000.0,9531250.0,64093750.0,0,0,0,0,0.890625,2000908.891,4207750.422,113046.6875,10181.85938,562500.0,0.333
1.3500903,0.0,0.0,0.10888297,0.0,0.0,0.0,0.0,0.0,0.008886973,0.0,1.2028078,0.28428343,0.7387715,0.005434109,1,19616438.36,24739726.03,3479452.055,68438356.16,0,0,0,0,0.01369863,11311.79452,24793.41096,679.1643836,29.60273973,0.0,1.0
1.3500903,0.0,0.0,0.10888297,0.0,0.0,0.0,0.0,0.0,0.008886973,0.0,1.2028078,0.28428343,0.7387715,0.005434109,1,27397.26027,27397.26027,0.0,54794.52055,0,0,0,0,0.01369863,152.8219178,3615.506849,679.1643836,29.56164384,27397.26027,1.0
1.3500903,0.0,0.0,0.10888297,0.0,0.0,0.0,0.0,0.0,0.008886973,0.0,1.2028078,0.28428343,0.7387715,0.005434109,1,13187500.0,22625000.0,8906250.0,63125000.0,0,0,0,0,0.90625,223890.75,762766.2656,120583.0938,10860.26563,593750.0,0.166
1.3500903,0.0,0.0,0.10888297,0.0,0.0,0.0,0.0,0.0,0.008886973,0.0,1.2028078,0.28428343,0.7387715,0.005434109,1,30410958.9,38356164.38,5424657.534,105890411.0,0,0,0,0,0.02739726,36679.86301,37855.93151,679.1643836,29.61643836,0.0,0.332
1.35009,0.0,0.0,0.10888297,0.0,0.0,0.0,0.0,0.0,0.0088869855,0.0,1.2028078,0.28428343,0.7387715,0.0054341126,1,3287671.233,4164383.562,575342.4658,11534246.58,0,0,0,0,0.01369863,683.3424658,4093.630137,679.1643836,29.57534247,27397.26027,1.0
1.35009,0.0,0.0,0.10888297,0.0,0.0,0.0,0.0,0.0,0.0088869855,0.0,1.2028078,0.28428343,0.7387715,0.0054341126,1,13593750.0,23625000.0,8218750.0,64031250.0,0,0,0,0,0.9375,681288.2031,1172942.578,120583.0938,10860.26563,687500.0,0.333
1.3500903,0.0,0.0,0.10888297,0.0,0.0,0.0,0.0,0.0,0.008886973,0.0,1.2028078,0.28428343,0.7387715,0.005434109,1,3890410.959,4958904.11,712328.7671,13726027.4,0,0,0,0,0.01369863,3955.041096,6895.328767,679.1643836,29.60273973,0.0,1.0
1.3500903,0.0,0.0,0.10888297,0.0,0.0,0.0,0.0,0.0,0.008886973,0.0,1.2028078,0.28428343,0.7387715,0.005434109,1,15781250.0,26968750.0,9406250.0,74187500.0,0,0,0,0,0.84375,1893372.172,3869643.406,116814.8594,10521.09375,562500.0,0.166
1.3500903,0.0,0.0,0.10888297,0.0,0.0,0.0,0.0,0.0,0.008886973,0.0,1.2028078,0.28428343,0.7387715,0.005434109,1,20273972.6,25589041.1,3698630.137,70767123.29,0,0,0,0,0.01369863,3972.438356,22645.65753,679.1643836,29.57534247,0.0,0.498498498
1.3500903,0.0,0.0,0.10888297,0.0,0.0,0.0,0.0,0.0,0.008886973,0.0,1.2028078,0.28428343,0.7387715,0.005434109,1,3589041.096,4547945.205,630136.9863,12520547.95,0,0,0,0,0.01369863,359.1506849,4442.794521,679.1643836,29.56164384,0.0,0.332
1.3500903,0.0,0.0,0.10888297,0.0,0.0,0.0,0.0,0.0,0.008886973,0.0,1.2028078,0.28428343,0.7387715,0.005434109,1,9343750.0,19125000.0,8062500.0,49062500.0,0,0,0,0,0.921875,215837.3906,758280.0156,105510.3125,9503.390625,375000.0,0.285591767
1.3500903,0.0,0.0,0.10888297,0.0,0.0,0.0,0.0,0.0,0.008886973,0.0,1.2028078,0.28428343,0.7387715,0.005434109,1,25616438.36,32465753.42,4438356.164,89616438.36,0,0,0,0,0.02739726,24284.08219,39605.15068,679.1643836,29.61643836,27397.26027,0.498498498
1.3500903,0.0,0.0,0.10888297,0.0,0.0,0.0,0.0,0.0,0.008886973,0.0,1.2028078,0.28428343,0.7387715,0.005434109,1,6876712.329,8739726.027,1260273.973,24136986.3,0,0,0,0,0.01369863,862.3150685,6579.30137,679.1643836,29.57534247,27397.26027,0.498498498
1.3500903,0.0,0.0,0.10888297,0.0,0.0,0.0,0.0,0.0,0.008886973,0.0,1.2028078,0.28428343,0.7387715,0.005434109,1,11625000.0,21031250.0,7562500.0,56875000.0,0,0,0,0,0.84375,790267.8906,1372322.906,116814.9219,10521.04688,593750.0,0.142367067
1.3500903,0.0,0.0,0.10888297,0.0,0.0,0.0,0.0,0.0,0.008886973,0.0,1.2028078,0.28428343,0.7387715,0.005434109,1,9917808.219,12575342.47,1835616.438,34821917.81,0,0,0,0,0.02739726,1842.287671,8178.287671,679.1643836,29.60273973,0.0,0.498498498
1.3500903,0.0,0.0,0.10888297,0.0,0.0,0.0,0.0,0.0,0.008886973,0.0,1.2028078,0.28428343,0.7387715,0.005434109,1,21093750.0,31406250.0,9656250.0,88375000.0,0,0,0,0,0.765625,2214249.156,4159628.906,113046.6875,10181.875,500000.0,0.333
1.3500903,0.0,0.0,0.10888297,0.0,0.0,0.0,0.0,0.0,0.008886973,0.0,1.2028078,0.28428343,0.7387715,0.005434109,1,11342465.75,14410958.9,2054794.521,39726027.4,0,0,0,0,0.01369863,3857.136986,130530.1644,679.1643836,29.53424658,0.0,0.666
1.3500903,0.0,0.0,0.10888297,0.0,0.0,0.0,0.0,0.0,0.008886973,0.0,1.2028078,0.28428343,0.7387715,0.005434109,1,4109589.041,5178082.192,712328.7671,14410958.9,0,0,0,0,0.01369863,379.1643836,3462.863014,679.1643836,29.53424658,0.0,0.498498498
1.3500903,0.0,0.0,0.10888297,0.0,0.0,0.0,0.0,0.0,0.008886973,0.0,1.2028078,0.28428343,0.7387715,0.005434109,1,9218750.0,17718750.0,7468750.0,47281250.0,0,0,0,0,0.84375,176756.8281,924300.2813,113046.7031,10181.82813,625000.0,0.5
1.3500903,0.0,0.0,0.10888297,0.0,0.0,0.0,0.0,0.0,0.008886973,0.0,1.2028078,0.28428343,0.7387715,0.005434109,1,22712328.77,28684931.51,4136986.301,79369863.01,0,0,0,0,0.02739726,22152.36986,35827.82192,679.1643836,29.57534247,0.0,1.0
1.3500903,0.0,0.0,0.10888297,0.0,0.0,0.0,0.0,0.0,0.008886973,0.0,1.2028078,0.28428343,0.7387715,0.005434109,1,3342465.753,4082191.781,602739.726,11506849.32,0,0,0,0,0.01369863,413.3150685,4358.684932,679.1643836,29.5890411,0.0,1.0
1.3500903,0.0,0.0,0.10888297,0.0,0.0,0.0,0.0,0.0,0.008886973,0.0,1.2028078,0.28428343,0.7387715,0.005434109,1,18031250.0,28656250.0,9312500.0,79125000.0,0,0,0,0,0.953125,790808.5313,1434587.719,116814.8594,10521.04688,593750.0,0.333
1.3500903,0.0,0.0,0.10888297,0.0,0.0,0.0,0.0,0.0,0.008886973,0.0,1.2028078,0.28428343,0.7387715,0.005434109,1,6356164.384,8082191.781,1150684.932,22383561.64,0,0,0,0,0.01369863,2632.561644,8149.986301,679.1643836,29.5890411,0.0,1.0
1.3500903,0.0,0.0,0.10888297,0.0,0.0,0.0,0.0,0.0,0.008886973,0.0,1.2028078,0.28428343,0.7387715,0.005434109,1,15562500.0,26750000.0,11156250.0,75468750.0,0,0,0,0,0.75,2045593.563,4203765.188,116814.9219,10521.09375,562500.0,0.399759904
1.3500903,0.0,0.0,0.10888297,0.0,0.0,0.0,0.0,0.0,0.008886973,0.0,1.2028078,0.28428343,0.7387715,0.005434109,1,8794520.548,11150684.93,1561643.836,30739726.03,0,0,0,0,0.01369863,4638.493151,35034.13699,679.1643836,29.57534247,27397.26027,0.498498498
1.3500903,0.0,0.0,0.10888297,0.0,0.0,0.0,0.0,0.0,0.008886973,0.0,1.2028078,0.28428343,0.7387715,0.005434109,1,1479452.055,1835616.438,246575.3425,5178082.192,0,0,0,0,0.01369863,165.2054795,3947.315068,679.1643836,29.56164384,0.0,1.0
1.3500903,0.0,0.0,0.10888297,0.0,0.0,0.0,0.0,0.0,0.008886973,0.0,1.2028078,0.28428343,0.7387715,0.005434109,1,17875000.0,28156250.0,8437500.0,74406250.0,0,0,0,0,0.984375,264703.2969,844132.0313,113046.7031,10181.71875,562500.0,0.27455
1.3500903,0.0,0.0,0.10888297,0.0,0.0,0.0,0.0,0.0,0.008886973,0.0,1.2028078,0.28428343,0.7387715,0.005434109,1,16904109.59,21369863.01,3095890.411,59205479.45,0,0,0,0,0.01369863,20447.46575,116202.0548,679.1643836,29.63013699,0.0,0.824474474
1.3500903,0.0,0.0,0.10888297,0.0,0.0,0.0,0.0,0.0,0.008886973,0.0,1.2028078,0.28428343,0.7387715,0.005434109,1,4547945.205,5671232.877,849315.0685,15780821.92,0,0,0,0,0.01369863,630.6575342,5817.027397,679.1643836,29.57534247,27397.26027,0.824474474
1.3500903,0.0,0.0,0.10888297,0.0,0.0,0.0,0.0,0.0,0.008886973,0.0,1.2028078,0.28428343,0.7387715,0.005434109,1,16593750.0,25625000.0,7593750.0,71781250.0,0,0,0,0,0.828125,803685.4375,1246340.125,113046.7656,10181.85938,500000.0,0.329591837
1.3500903,0.0,0.0,0.10888297,0.0,0.0,0.0,0.0,0.0,0.008886973,0.0,1.2028078,0.28428343,0.7387715,0.005434109,1,4767123.288,6000000.0,821917.8082,16657534.25,0,0,0,0,0.01369863,7474.383562,10758.26027,679.1643836,29.57534247,0.0,0.5491
1.3500903,0.0,0.0,0.10888297,0.0,0.0,0.0,0.0,0.0,0.008886973,0.0,1.2028078,0.28428343,0.7387715,0.005434109,1,16406250.0,25812500.0,7531250.0,71281250.0,0,0,0,0,0.515625,1797651.422,4296967.172,116814.9219,10521.09375,625000.0,0.235463122
1.3500903,0.0,0.0,0.10888297,0.0,0.0,0.0,0.0,0.0,0.008886973,0.0,1.2028078,0.28428343,0.7387715,0.005434109,1,15753424.66,19890410.96,2904109.589,55178082.19,0,0,0,0,0.01369863,10806.9863,54197.0411,679.1643836,29.60273973,0.0,0.824474474
1.3500903,0.0,0.0,0.10888297,0.0,0.0,0.0,0.0,0.0,0.008886973,0.0,1.2028078,0.28428343,0.7387715,0.005434109,1,5863013.699,7397260.274,1041095.89,20520547.95,0,0,0,0,0.01369863,288.0136986,4665.30137,679.1643836,29.56164384,27397.26027,0.824474474
1.3500903,0.0,0.0,0.10888297,0.0,0.0,0.0,0.0,0.0,0.008886973,0.0,1.2028078,0.28428343,0.7387715,0.005434109,1,10906250.0,19593750.0,6781250.0,50781250.0,0,0,0,0,0.921875,183452.3281,676510.625,116814.8594,10521.04688,250000.0,0.27455
1.3500903,0.0,0.0,0.10888297,0.0,0.0,0.0,0.0,0.0,0.008886973,0.0,1.2028078,0.28428343,0.7387715,0.005434109,1,24876712.33,31342465.75,4520547.945,86712328.77,0,0,0,0,0.01369863,26613.31507,42786.82192,679.1643836,29.61643836,0.0,0.824474474
1.35009,0.0,0.0,0.10888297,0.0,0.0,0.0,0.0,0.0,0.0088869855,0.0,1.2028078,0.28428343,0.7387715,0.0054341126,1,2465753.425,3095890.411,465753.4247,8684931.507,0,0,0,0,0.01369863,662.4109589,4897.260274,679.1643836,29.56164384,0.0,0.824474474
1.35009,0.0,0.0,0.10888297,0.0,0.0,0.0,0.0,0.0,0.0088869855,0.0,1.2028078,0.28428343,0.7387715,0.0054341126,1,14437500.0,22843750.0,7031250.0,64187500.0,0,0,0,0,0.921875,621795.9063,1487319.438,109278.5313,9842.640625,312500.0,0.27455
1.3500903,0.0,0.0,0.10888297,0.0,0.0,0.0,0.0,0.0,0.008886973,0.0,1.2028078,0.28428343,0.7387715,0.005434109,1,4684931.507,5890410.959,849315.0685,16356164.38,0,0,0,0,0.01369863,2283.315068,8308.054795,679.1643836,29.60273973,27397.26027,0.824474474
1.3500903,0.0,0.0,0.10888297,0.0,0.0,0.0,0.0,0.0,0.008886973,0.0,1.2028078,0.28428343,0.7387715,0.005434109,1,18000000.0,28000000.0,9156250.0,80156250.0,0,0,0,0,0.78125,2181473.375,4500447.766,105510.3125,9503.46875,625000.0,0.27455
1.3500903,0.0,0.0,0.10888297,0.0,0.0,0.0,0.0,0.0,0.008886973,0.0,1.2028078,0.28428343,0.7387715,0.005434109,1,8849315.068,11260273.97,1589041.096,31123287.67,0,0,0,0,0.01369863,4178.30137,35650.0274,679.0684932,29.60273973,0.0,0.824474474
1.3500903,0.0,0.0,0.10888297,0.0,0.0,0.0,0.0,0.0,0.008886973,0.0,1.2028078,0.28428343,0.7387715,0.005434109,1,4794520.548,6082191.781,821917.8082,16739726.03,0,0,0,0,0.01369863,489.1780822,4771.465753,679.1643836,29.56164384,0.0,0.824474474
1.3500903,0.0,0.0,0.10888297,0.0,0.0,0.0,0.0,0.0,0.008886973,0.0,1.2028078,0.28428343,0.7387715,0.005434109,1,13593750.0,23093750.0,7343750.0,60718750.0,0,0,0,0,0.9375,150473.0781,714317.7031,113046.7031,10181.82813,62500.0,0.27455
1.3500903,0.0,0.0,0.10888297,0.0,0.0,0.0,0.0,0.0,0.008886973,0.0,1.2028078,0.28428343,0.7387715,0.005434109,1,4547945.205,5698630.137,794520.5479,15835616.44,0,0,0,0,0.01369863,22990.43836,73757.54795,679.1643836,29.63013699,27397.26027,0.824474474
1.3500903,0.0,0.0,0.10888297,0.0,0.0,0.0,0.0,0.0,0.008886973,0.0,1.2028078,0.28428343,0.7387715,0.005434109,1,7150684.932,8958904.11,1287671.233,24958904.11,0,0,0,0,0.01369863,749.6164384,4950.493151,679.1643836,29.5890411,0.0,0.824474474
1.3500903,0.0,0.0,0.10888297,0.0,0.0,0.0,0.0,0.0,0.008886973,0.0,1.2028078,0.28428343,0.7387715,0.005434109,1,11375000.0,18281250.0,6437500.0,51000000.0,0,0,0,0,0.96875,681149.3125,1279273.797,120583.0938,10860.28125,375000.0,0.235463122
1.3500903,0.0,0.0,0.10888297,0.0,0.0,0.0,0.0,0.0,0.008886973,0.0,1.2028078,0.28428343,0.7387715,0.005434109,1,12273972.6,15479452.05,2246575.342,42876712.33,0,0,0,0,0.01369863,6620.150685,10132.08219,679.1643836,29.5890411,0.0,0.824474474
1.3500903,0.0,0.0,0.10888297,0.0,0.0,0.0,0.0,0.0,0.008886973,0.0,1.2028078,0.28428343,0.7387715,0.005434109,1,16468750.0,27031250.0,10000000.0,75687500.0,0,0,0,0,0.921875,1836345.469,3619697.328,113043.0156,10181.85938,468750.0,0.27455
1.3500903,0.0,0.0,0.10888297,0.0,0.0,0.0,0.0,0.0,0.008886973,0.0,1.2028078,0.28428343,0.7387715,0.005434109,1,19095890.41,24164383.56,3479452.055,66767123.29,0,0,0,0,0.01369863,10961.63014,22123.34247,679.1643836,29.60273973,27397.26027,0.824474474
1.3500903,0.0,0.0,0.10888297,0.0,0.0,0.0,0.0,0.0,0.008886973,0.0,1.2028078,0.28428343,0.7387715,0.005434109,1,0.0,27397.26027,27397.26027,82191.78082,0,0,0,0,0.01369863,384.4246575,4221.575342,679.1643836,29.56164384,0.0,0.824474474
1.3500903,0.0,0.0,0.10888297,0.0,0.0,0.0,0.0,0.0,0.008886973,0.0,1.2028078,0.28428343,0.7387715,0.005434109,1,7250000.0,13875000.0,6093750.0,36343750.0,0,0,0,0,0.5625,206925.4063,777084.9375,113046.6875,10181.82813,156250.0,0.27455
1.3500903,0.0,0.0,0.10888297,0.0,0.0,0.0,0.0,0.0,0.008886973,0.0,1.2028078,0.28428343,0.7387715,0.005434109,1,21890410.96,27698630.14,3945205.479,76575342.47,0,0,0,0,0.01369863,31132.05479,103933.5205,679.1643836,29.61643836,27397.26027,0.824474474
1.3500903,0.0,0.0,0.10888297,0.0,0.0,0.0,0.0,0.0,0.008886973,0.0,1.2028078,0.28428343,0.7387715,0.005434109,1,7013698.63,8821917.808,1232876.712,24383561.64,0,0,0,0,0.01369863,648.3150685,8369.041096,679.1643836,29.60273973,0.0,0.824474474
1.3500903,0.0,0.0,0.10888297,0.0,0.0,0.0,0.0,0.0,0.008886973,0.0,1.2028078,0.28428343,0.7387715,0.005434109,1,15281250.0,23187500.0,7750000.0,67750000.0,0,0,0,0,0.78125,738138.3281,1290045.0,116814.9375,10521.04688,343750.0,0.27455
1.3500903,0.0,0.0,0.10888297,0.0,0.0,0.0,0.0,0.0,0.008886973,0.0,1.2028078,0.28428343,0.7387715,0.005434109,1,12821917.81,16164383.56,2410958.904,44904109.59,0,0,0,0,0.01369863,4860.260274,6253.452055,679.1643836,29.61643836,0.0,0.824474474
1.3500903,0.0,0.0,0.10888297,0.0,0.0,0.0,0.0,0.0,0.008886973,0.0,1.2028078,0.28428343,0.7387715,0.005434109,1,15093750.0,25562500.0,8562500.0,69687500.0,0,0,0,0,0.8125,2042580.969,3876398.969,116814.875,10521.09375,250000.0,0.27455
1.3500903,0.0,0.0,0.10888297,0.0,0.0,0.0,0.0,0.0,0.008886973,0.0,1.2028078,0.28428343,0.7387715,0.005434109,1,16931506.85,21424657.53,3013698.63,59150684.93,0,0,0,0,0.01369863,4370.164384,36281.91781,679.1643836,29.60273973,27397.26027,0.824474474
1.3500903,0.0,0.0,0.10888297,0.0,0.0,0.0,0.0,0.0,0.008886973,0.0,1.2028078,0.28428343,0.7387715,0.005434109,1,4986301.37,6273972.603,931506.8493,17479452.05,0,0,0,0,0.01369863,159.2876712,3932.410959,678.8767123,29.54794521,0.0,0.824474474
1.3500903,0.0,0.0,0.10888297,0.0,0.0,0.0,0.0,0.0,0.008886973,0.0,1.2028078,0.28428343,0.7387715,0.005434109,1,16468750.0,25343750.0,7500000.0,68312500.0,0,0,0,0,0.75,163249.8281,842225.7969,120583.0938,10860.28125,625000.0,0.27455
1.3500903,0.0,0.0,0.10888297,0.0,0.0,0.0,0.0,0.0,0.008886973,0.0,1.2028078,0.28428343,0.7387715,0.005434109,1,10849315.07,13698630.14,1972602.74,37890410.96,0,0,0,0,0.01369863,26539.20548,76891.23288,679.1643836,29.63013699,0.0,0.824474474
1.3500903,0.0,0.0,0.10888297,0.0,0.0,0.0,0.0,0.0,0.008886973,0.0,1.2028078,0.28428343,0.7387715,0.005434109,1,9013698.63,11369863.01,1561643.836,31589041.1,0,0,0,0,0.01369863,1143.150685,4771.630137,679.1643836,29.57534247,0.0,0.824474474
1.3500903,0.0,0.0,0.10888297,0.0,0.0,0.0,0.0,0.0,0.008886973,0.0,1.2028078,0.28428343,0.7387715,0.005434109,1,21687500.0,33531250.0,9781250.0,91312500.0,0,0,0,0,1.0,697471.1406,1166184.516,113046.7656,10181.85938,343750.0,0.27455
1.3500903,0.0,0.0,0.10888297,0.0,0.0,0.0,0.0,0.0,0.008886973,0.0,1.2028078,0.28428343,0.7387715,0.005434109,1,11150684.93,14191780.82,1972602.74,39178082.19,0,0,0,0,0.0,2883.547945,11594.05479,679.1643836,29.57534247,27397.26027,0.824474474
1.3500903,0.0,0.0,0.10888297,0.0,0.0,0.0,0.0,0.0,0.008886973,0.0,1.2028078,0.28428343,0.7387715,0.005434109,1,19031250.0,31000000.0,10687500.0,83812500.0,0,0,0,0,0.0,1853175.734,3184478.391,113090.2031,10181.73438,531250.0,0.27455
1.3500903,0.0,0.0,0.10888297,0.0,0.0,0.0,0.0,0.0,0.008886973,0.0,1.2028078,0.28428343,0.7387715,0.005434109,1,16109589.04,20547945.21,2904109.589,56547945.21,0,0,0,0,0.0,9063.657534,22215.50685,679.1643836,29.52054795,0.0,0.824474474
1.3500903,0.0,0.0,0.10888297,0.0,0.0,0.0,0.0,0.0,0.008886973,0.0,1.2028078,0.28428343,0.7387715,0.005434109,1,1479452.055,1863013.699,273972.6027,5205479.452,0,0,0,0,0.0,333.1506849,3560.287671,679.1643836,29.54794521,0.0,0.5491
1.3500903,0.0,0.0,0.10888297,0.0,0.0,0.0,0.0,0.0,0.008886973,0.0,1.2028078,0.28428343,0.7387715,0.005434109,1,15093750.0,25062500.0,8312500.0,67687500.0,0,0,0,0,0.0,171526.7813,526026.2188,116814.8594,10521.04688,312500.0,0.235463122
1.3500903,0.0,0.0,0.10888297,0.0,0.0,0.0,0.0,0.0,0.008886973,0.0,1.2028078,0.28428343,0.7387715,0.005434109,1,25013698.63,31561643.84,4465753.425,87369863.01,0,0,0,0,0.0,49155.35616,43251.06849,679.1643836,29.61643836,0.0,0.5491
1.35009,0.0,0.0,0.10888297,0.0,0.0,0.0,0.0,0.0,0.0088869855,0.0,1.2028078,0.28428343,0.7387715,0.0054341126,1,2739726.027,3561643.836,493150.6849,9671232.877,0,0,0,0,0.0,621.4383562,5251.739726,679.1643836,29.54794521,27397.26027,0.824474474
1.35009,0.0,0.0,0.10888297,0.0,0.0,0.0,0.0,0.0,0.0088869855,0.0,1.2028078,0.28428343,0.7387715,0.0054341126,1,12375000.0,23531250.0,9031250.0,61687500.0,0,0,0,0,0.0,599704.4063,2024956.781,113046.7031,10181.84375,437500.0,0.27455
1.3500903,0.0,0.0,0.10888297,0.0,0.0,0.0,0.0,0.0,0.008886973,0.0,1.2028078,0.28428343,0.7387715,0.005434109,1,9972602.74,12493150.68,1835616.438,34602739.73,0,0,0,0,0.0,1429.205479,10133.76712,679.1643836,29.60273973,0.0,0.824474474
1.3500903,0.0,0.0,0.10888297,0.0,0.0,0.0,0.0,0.0,0.008886973,0.0,1.2028078,0.28428343,0.7387715,0.005434109,1,19593750.0,31062500.0,10593750.0,86562500.0,0,0,0,0,0.0,1629173.688,3015610.688,116859.9219,10521.09375,593750.0,0.27455
1.3500903,0.0,0.0,0.10888297,0.0,0.0,0.0,0.0,0.0,0.008886973,0.0,1.2028078,0.28428343,0.7387715,0.005434109,1,27342465.75,34438356.16,4739726.027,95260273.97,0,0,0,0,0.0,4967.09589,21718.46575,679.1643836,29.5890411,0.0,0.824474474
1.3500903,0.0,0.0,0.10888297,0.0,0.0,0.0,0.0,0.0,0.008886973,0.0,1.2028078,0.28428343,0.7387715,0.005434109,1,3013698.63,3753424.658,520547.9452,10356164.38,0,0,0,0,0.0,257.6027397,4314.342466,679.1643836,29.56164384,0.0,0.824474474
1.3500903,0.0,0.0,0.10888297,0.0,0.0,0.0,0.0,0.0,0.008886973,0.0,1.2028078,0.28428343,0.7387715,0.005434109,1,11968750.0,20687500.0,8281250.0,56406250.0,0,0,0,0,0.0,172612.7969,613337.2188,116859.9844,10521.04688,437500.0,0.27455
1.3500903,0.0,0.0,0.10888297,0.0,0.0,0.0,0.0,0.0,0.008886973,0.0,1.2028078,0.28428343,0.7387715,0.005434109,1,9671232.877,12273972.6,1780821.918,34054794.52,0,0,0,0,0.0,46909.52055,77810.58904,679.1643836,29.63013699,0.0,0.824474474
1.3500903,0.0,0.0,0.10888297,0.0,0.0,0.0,0.0,0.0,0.008886973,0.0,1.2028078,0.28428343,0.7387715,0.005434109,1,3424657.534,4246575.342,602739.726,11808219.18,0,0,0,0,0.0,425.8219178,4492.383562,679.1643836,29.57534247,0.0,0.5491
1.3500903,0.0,0.0,0.10888297,0.0,0.0,0.0,0.0,0.0,0.008886973,0.0,1.2028078,0.28428343,0.7387715,0.005434109,1,15343750.0,25281250.0,8750000.0,68812500.0,0,0,0,0,0.0,540640.6875,1331501.078,113090.3281,10181.84375,593750.0,0.235463122
1.3500903,0.0,0.0,0.10888297,0.0,0.0,0.0,0.0,0.0,0.008886973,0.0,1.2028078,0.28428343,0.7387715,0.005434109,1,7863013.699,9945205.479,1424657.534,27589041.1,0,0,0,0,0.0,1676.465753,19563.43836,679.1643836,29.5890411,27397.26027,0.5491
1.3500903,0.0,0.0,0.10888297,0.0,0.0,0.0,0.0,0.0,0.008886973,0.0,1.2028078,0.28428343,0.7387715,0.005434109,1,18968750.0,31062500.0,9937500.0,86093750.0,0,0,0,0,0.0,1947156.016,3210215.344,116814.8594,10521.07813,437500.0,0.235463122
1.3500903,0.0,0.0,0.10888297,0.0,0.0,0.0,0.0,0.0,0.008886973,0.0,1.2028078,0.28428343,0.7387715,0.005434109,1,12410958.9,15671232.88,2164383.562,43452054.79,0,0,0,0,0.0,5576.547945,18014.58904,679.1643836,29.60273973,0.0,0.824474474
1.3500903,0.0,0.0,0.10888297,0.0,0.0,0.0,0.0,0.0,0.008886973,0.0,1.2028078,0.28428343,0.7387715,0.005434109,1,3013698.63,3808219.178,547945.2055,10520547.95,0,0,0,0,0.0,308.0,5166.547945,679.1643836,29.56164384,0.0,0.824474474
1.3500903,0.0,0.0,0.10888297,0.0,0.0,0.0,0.0,0.0,0.008886973,0.0,1.2028078,0.28428343,0.7387715,0.005434109,1,17218750.0,28218750.0,9593750.0,75781250.0,0,0,0,0,0.0,171394.4844,529088.9219,116814.9375,10521.0625,562500.0,0.235463122
1.3500903,0.0,0.0,0.10888297,0.0,0.0,0.0,0.0,0.0,0.008886973,0.0,1.2028078,0.28428343,0.7387715,0.005434109,1,15041095.89,18849315.07,2684931.507,52246575.34,0,0,0,0,0.0,22793.13699,45568.49315,679.1643836,29.63013699,0.0,0.824474474
1.3500903,0.0,0.0,0.10888297,0.0,0.0,0.0,0.0,0.0,0.008886973,0.0,1.2028078,0.28428343,0.7387715,0.005434109,1,6219178.082,7863013.699,1205479.452,21863013.7,0,0,0,0,0.0,486.2465753,3704.342466,679.1643836,29.56164384,0.0,0.824474474
1.3500903,0.0,0.0,0.10888297,0.0,0.0,0.0,0.0,0.0,0.008886973,0.0,1.2028078,0.28428343,0.7387715,0.005434109,1,12781250.0,21937500.0,7875000.0,60062500.0,0,0,0,0,0.0,570746.7031,1588317.203,116814.8594,10521.04688,562500.0,0.235463122
1.3500903,0.0,0.0,0.10888297,0.0,0.0,0.0,0.0,0.0,0.008886973,0.0,1.2028078,0.28428343,0.7387715,0.005434109,1,11424657.53,14493150.68,2109589.041,40000000.0,0,0,0,0,0.0,2299.068493,7553.726027,679.1643836,29.60273973,0.0,0.5491
1.3500903,0.0,0.0,0.10888297,0.0,0.0,0.0,0.0,0.0,0.008886973,0.0,1.2028078,0.28428343,0.7387715,0.005434109,1,16718750.0,26656250.0,9406250.0,74218750.0,0,0,0,0,0.0,1749332.578,3271778.969,116814.8594,10521.09375,625000.0,0.235463122
1.3500903,0.0,0.0,0.10888297,0.0,0.0,0.0,0.0,0.0,0.008886973,0.0,1.2028078,0.28428343,0.7387715,0.005434109,1,6493150.685,8191780.822,1232876.712,22630136.99,0,0,0,0,0.0,7427.561644,13025.46575,679.1643836,29.5890411,0.0,0.824474474
1.3500903,0.0,0.0,0.10888297,0.0,0.0,0.0,0.0,0.0,0.008886973,0.0,1.2028078,0.28428343,0.7387715,0.005434109,1,1534246.575,1890410.959,301369.863,5369863.014,0,0,0,0,0.0,185.0958904,4024.465753,679.1643836,29.57534247,0.0,0.5491
1.3500903,0.0,0.0,0.10888297,0.0,0.0,0.0,0.0,0.0,0.008886973,0.0,1.2028078,0.28428343,0.7387715,0.005434109,1,11718750.0,19812500.0,7000000.0,52593750.0,0,0,0,0,0.0,197480.5781,796010.6406,113046.7031,10181.82813,625000.0,0.27455
1.3500903,0.0,0.0,0.10888297,0.0,0.0,0.0,0.0,0.0,0.008886973,0.0,1.2028078,0.28428343,0.7387715,0.005434109,1,21287671.23,26986301.37,3753424.658,74328767.12,0,0,0,0,0.0,17208.80822,51453.21918,679.1643836,29.5890411,0.0,0.824474474
1.3500903,0.0,0.0,0.10888297,0.0,0.0,0.0,0.0,0.0,0.008886973,0.0,1.2028078,0.28428343,0.7387715,0.005434109,1,12739726.03,16136986.3,2301369.863,44493150.68,0,0,0,0,0.0,643.2465753,4143.849315,679.1643836,29.57534247,0.0,0.5491
1.3500903,0.0,0.0,0.10888297,0.0,0.0,0.0,0.0,0.0,0.008886973,0.0,1.2028078,0.28428343,0.7387715,0.005434109,1,13531250.0,23093750.0,7968750.0,61687500.0,0,0,0,0,0.0,487675.4219,1475685.609,116814.9375,10521.0625,718750.0,0.235463122
1.3500903,0.0,0.0,0.10888297,0.0,0.0,0.0,0.0,0.0,0.008886973,0.0,1.2028078,0.28428343,0.7387715,0.005434109,1,1479452.055,1835616.438,273972.6027,5150684.932,0,0,0,0,0.0,1631.164384,9642.465753,679.1643836,29.5890411,0.0,0.824474474
1.3500903,0.0,0.0,0.10888297,0.0,0.0,0.0,0.0,0.0,0.008886973,0.0,1.2028078,0.28428343,0.7387715,0.005434109,1,18093750.0,30625000.0,9968750.0,84062500.0,0,0,0,0,0.0,2010871.719,3323446.891,116814.8594,10521.09375,625000.0,0.27455
1.3500903,0.0,0.0,0.10888297,0.0,0.0,0.0,0.0,0.0,0.008886973,0.0,1.2028078,0.28428343,0.7387715,0.005434109,1,14191780.82,18000000.0,2520547.945,49671232.88,0,0,0,0,0.0,12057.24658,18944.65753,679.1643836,29.57534247,27397.26027,0.824474474
1.3500903,0.0,0.0,0.10888297,0.0,0.0,0.0,0.0,0.0,0.008886973,0.0,1.2028078,0.28428343,0.7387715,0.005434109,1,4246575.342,5452054.795,767123.2877,15095890.41,0,0,0,0,0.0,227.8219178,3424.890411,679.1643836,29.54794521,0.0,0.824474474
1.3500903,0.0,0.0,0.10888297,0.0,0.0,0.0,0.0,0.0,0.008886973,0.0,1.2028078,0.28428343,0.7387715,0.005434109,1,16125000.0,25843750.0,8125000.0,70125000.0,0,0,0,0,0.0,165709.9375,628991.9688,116814.8594,10521.04688,593750.0,0.27455
1.3500903,0.0,0.0,0.10888297,0.0,0.0,0.0,0.0,0.0,0.008886973,0.0,1.2028078,0.28428343,0.7387715,0.005434109,1,47123287.67,59287671.23,8520547.945,164027397.3,0,0,0,0,0.0,23632.17808,37701.93151,679.1643836,29.61643836,27397.26027,0.824474474
1.35009,0.0,0.0,0.10888297,0.0,0.0,0.0,0.0,0.0,0.0088869855,0.0,1.2028078,0.28428343,0.7387715,0.0054341126,1,0.0,27397.26027,27397.26027,109589.0411,0,0,0,0,0.0,470.1506849,9683.068493,679.1643836,29.56164384,27397.26027,0.824474474
1.35009,0.0,0.0,0.10888297,0.0,0.0,0.0,0.0,0.0,0.0088869855,0.0,1.2028078,0.28428343,0.7387715,0.0054341126,1,15250000.0,24062500.0,7531250.0,64750000.0,0,0,0,0,0.0,536642.0625,1376264.859,113046.6875,10181.84375,656250.0,0.27455
1.3500903,0.0,0.0,0.10888297,0.0,0.0,0.0,0.0,0.0,0.008886973,0.0,1.2028078,0.28428343,0.7387715,0.005434109,1,7616438.356,9561643.836,1369863.014,26410958.9,0,0,0,0,0.0,1401.315068,8593.643836,679.1643836,29.61643836,27397.26027,0.824474474
1.3500903,0.0,0.0,0.10888297,0.0,0.0,0.0,0.0,0.0,0.008886973,0.0,1.2028078,0.28428343,0.7387715,0.005434109,1,17375000.0,28375000.0,9343750.0,78031250.0,0,0,0,0,0.0,1785707.375,3189314.969,109278.5469,9842.6875,593750.0,0.235463122
1.3500903,0.0,0.0,0.10888297,0.0,0.0,0.0,0.0,0.0,0.008886973,0.0,1.2028078,0.28428343,0.7387715,0.005434109,1,13315068.49,16821917.81,2493150.685,46410958.9,0,0,0,0,0.0,12269.65753,21795.23288,679.1643836,29.5890411,27397.26027,0.824474474
1.3500903,0.0,0.0,0.10888297,0.0,0.0,0.0,0.0,0.0,0.008886973,0.0,1.2028078,0.28428343,0.7387715,0.005434109,1,1589041.096,2027397.26,273972.6027,5506849.315,0,0,0,0,0.0,389.630137,4207.041096,679.1643836,29.56164384,0.0,0.824474474
1.3500903,0.0,0.0,0.10888297,0.0,0.0,0.0,0.0,0.0,0.008886973,0.0,1.2028078,0.28428343,0.7387715,0.005434109,1,13781250.0,23375000.0,7875000.0,62062500.0,0,0,0,0,0.0,193269.5156,652790.9688,116814.9219,10521.04688,312500.0,0.27455
1.3500903,0.0,0.0,0.10888297,0.0,0.0,0.0,0.0,0.0,0.008886973,0.0,1.2028078,0.28428343,0.7387715,0.005434109,1,36246575.34,45698630.14,6465753.425,126520547.9,0,0,0,0,0.0,20839.78082,84181.24658,679.1643836,29.61643836,0.0,0.5491
1.3500903,0.0,0.0,0.10888297,0.0,0.0,0.0,0.0,0.0,0.008886973,0.0,1.2028078,0.28428343,0.7387715,0.005434109,1,6136986.301,7753424.658,1068493.151,21561643.84,0,0,0,0,0.0,617.9726027,5771.219178,679.1643836,29.56164384,0.0,0.5491
1.3500903,0.0,0.0,0.10888297,0.0,0.0,0.0,0.0,0.0,0.008886973,0.0,1.2028078,0.28428343,0.7387715,0.005434109,1,12250000.0,22000000.0,8000000.0,58656250.0,0,0,0,0,0.0,525584.0781,1394943.172,120583.0938,10860.26563,187500.0,0.27455
1.3500903,0.0,0.0,0.10888297,0.0,0.0,0.0,0.0,0.0,0.008886973,0.0,1.2028078,0.28428343,0.7387715,0.005434109,1,5369863.014,6767123.288,958904.1096,18931506.85,0,0,0,0,0.0,3101.465753,7848.369863,679.1643836,29.5890411,0.0,0.5491
1.3500903,0.0,0.0,0.10888297,0.0,0.0,0.0,0.0,0.0,0.008886973,0.0,1.2028078,0.28428343,0.7387715,0.005434109,1,13968750.0,23343750.0,8625000.0,64687500.0,0,0,0,0,0.0,1752004.391,3199841.719,113046.7031,10181.875,531250.0,0.235463122
1.3500903,0.0,0.0,0.10888297,0.0,0.0,0.0,0.0,0.0,0.008886973,0.0,1.2028078,0.28428343,0.7387715,0.005434109,1,17808219.18,22410958.9,3205479.452,62027397.26,0,0,0,0,0.0,11593.38356,19341.35616,679.1643836,29.61643836,0.0,0.824474474
1.3500903,0.0,0.0,0.10888297,0.0,0.0,0.0,0.0,0.0,0.008886973,0.0,1.2028078,0.28428343,0.7387715,0.005434109,1,0.0,0.0,27397.26027,109589.0411,0,0,0,0,0.0,198.0273973,4249.808219,679.1643836,29.56164384,0.0,0.5491
1.3500903,0.0,0.0,0.10888297,0.0,0.0,0.0,0.0,0.0,0.008886973,0.0,1.2028078,0.28428343,0.7387715,0.005434109,1,10343750.0,17875000.0,7468750.0,47718750.0,0,0,0,0,0.0,170100.5156,623023.7656,116814.9375,10521.0625,93750.0,0.235463122
1.3500903,0.0,0.0,0.10888297,0.0,0.0,0.0,0.0,0.0,0.008886973,0.0,1.2028078,0.28428343,0.7387715,0.005434109,1,17753424.66,22575342.47,3287671.233,62301369.86,0,0,0,0,0.0,16248.43836,45527.54795,679.1643836,29.61643836,27397.26027,0.824474474
1.3500903,0.0,0.0,0.10888297,0.0,0.0,0.0,0.0,0.0,0.008886973,0.0,1.2028078,0.28428343,0.7387715,0.005434109,1,4328767.123,5424657.534,767123.2877,14958904.11,0,0,0,0,0.0,386.1917808,4742.30137,679.1643836,29.57534247,0.0,0.824474474
1.3500903,0.0,0.0,0.10888297,0.0,0.0,0.0,0.0,0.0,0.008886973,0.0,1.2028078,0.28428343,0.7387715,0.005434109,1,15218750.0,23875000.0,9000000.0,66562500.0,0,0,0,0,0.0,582694.2813,1548866.828,116814.8594,10521.04688,500000.0,0.235463122
1.3500903,0.0,0.0,0.10888297,0.0,0.0,0.0,0.0,0.0,0.008886973,0.0,1.2028078,0.28428343,0.7387715,0.005434109,1,1479452.055,1863013.699,301369.863,5205479.452,0,0,0,0,0.0,1573.123288,6647.082192,679.1643836,29.56164384,0.0,0.824474474
1.3500903,0.0,0.0,0.10888297,0.0,0.0,0.0,0.0,0.0,0.008886973,0.0,1.2028078,0.28428343,0.7387715,0.005434109,1,17312500.0,26875000.0,9375000.0,76750000.0,0,0,0,0,0.0,1665590.781,3187083.0,113046.7188,10181.875,406250.0,0.27455
1.3500903,0.0,0.0,0.10888297,0.0,0.0,0.0,0.0,0.0,0.008886973,0.0,1.2028078,0.28428343,0.7387715,0.005434109,1,10082191.78,12630136.99,1808219.178,34986301.37,0,0,0,0,0.0,3916.082192,13869.60274,679.1643836,29.5890411,0.0,0.824474474
1.3500903,0.0,0.0,0.10888297,0.0,0.0,0.0,0.0,0.0,0.008886973,0.0,1.2028078,0.28428343,0.7387715,0.005434109,1,4383561.644,5534246.575,794520.5479,15205479.45,0,0,0,0,0.0,221.2054795,5118.60274,679.1643836,29.57534247,0.0,0.824474474
1.3500903,0.0,0.0,0.10888297,0.0,0.0,0.0,0.0,0.0,0.008886973,0.0,1.2028078,0.28428343,0.7387715,0.005434109,1,11531250.0,19906250.0,8000000.0,53093750.0,0,0,0,0,0.0,171894.6406,664410.2031,120583.0938,10860.28125,562500.0,0.27455
1.3500903,0.0,0.0,0.10888297,0.0,0.0,0.0,0.0,0.0,0.008886973,0.0,1.2028078,0.28428343,0.7387715,0.005434109,1,27835616.44,35150684.93,5178082.192,97397260.27,0,0,0,0,0.0,13782.52055,29764.57534,679.1643836,29.63013699,0.0,0.824474474
1.3500903,0.0,0.0,0.10888297,0.0,0.0,0.0,0.0,0.0,0.008886973,0.0,1.2028078,0.28428343,0.7387715,0.005434109,1,0.0,27397.26027,0.0,109589.0411,0,0,0,0,0.0,725.4246575,3896.328767,679.1643836,29.57534247,27397.26027,0.824474474
1.3500903,0.0,0.0,0.10888297,0.0,0.0,0.0,0.0,0.0,0.008886973,0.0,1.2028078,0.28428343,0.7387715,0.005434109,1,16750000.0,25281250.0,7718750.0,70187500.0,0,0,0,0,0.0,616215.8594,1576452.953,109278.5313,9842.640625,375000.0,0.235463122
1.3500903,0.0,0.0,0.10888297,0.0,0.0,0.0,0.0,0.0,0.008886973,0.0,1.2028078,0.28428343,0.7387715,0.005434109,1,1369863.014,1726027.397,246575.3425,4821917.808,0,0,0,0,0.0,3906.506849,9392.589041,679.1643836,29.60273973,27397.26027,0.824474474
1.3500903,0.0,0.0,0.10888297,0.0,0.0,0.0,0.0,0.0,0.008886973,0.0,1.2028078,0.28428343,0.7387715,0.005434109,1,10062500.0,17906250.0,6656250.0,49750000.0,0,0,0,0,0.0,1799205.297,2907054.156,113046.7031,10181.89063,468750.0,0.27455
1.3500903,0.0,0.0,0.10888297,0.0,0.0,0.0,0.0,0.0,0.008886973,0.0,1.2028078,0.28428343,0.7387715,0.005434109,1,11808219.18,14931506.85,2054794.521,41452054.79,0,0,0,0,0.0,9328.027397,7840.945205,679.1643836,29.60273973,0.0,0.824474474
1.3500903,0.0,0.0,0.10888297,0.0,0.0,0.0,0.0,0.0,0.008886973,0.0,1.2028078,0.28428343,0.7387715,0.005434109,1,1589041.096,1972602.74,301369.863,5479452.055,0,0,0,0,0.0,238.6575342,4640.90411,679.1643836,29.56164384,0.0,0.824474474
1.3500903,0.0,0.0,0.10888297,0.0,0.0,0.0,0.0,0.0,0.008886973,0.0,1.2028078,0.28428343,0.7387715,0.005434109,1,13437500.0,21843750.0,7593750.0,58250000.0,0,0,0,0,0.0,187548.5938,621368.75,116814.9219,10521.0625,500000.0,0.27455
1.3500903,0.0,0.0,0.10888297,0.0,0.0,0.0,0.0,0.0,0.008886973,0.0,1.2028078,0.28428343,0.7387715,0.005434109,1,30767123.29,38684931.51,5479452.055,107315068.5,0,0,0,0,0.0,33591.57534,56497.24658,679.1643836,29.64383562,27397.26027,0.824474474
1.35009,0.0,0.0,0.10888297,0.0,0.0,0.0,0.0,0.0,0.0088869855,0.0,1.2028078,0.28428343,0.7387715,0.0054341126,1,219178.0822,273972.6027,27397.26027,712328.7671,0,0,0,0,0.0,633.3287671,4629.589041,679.1643836,29.60273973,0.0,0.824474474
1.35009,0.0,0.0,0.10888297,0.0,0.0,0.0,0.0,0.0,0.0088869855,0.0,1.2028078,0.28428343,0.7387715,0.0054341126,1,13468750.0,22906250.0,9375000.0,62500000.0,0,0,0,0,0.0,614652.2188,1423806.578,113046.7656,10181.84375,125000.0,0.27455
